File Name,488 Laser Power,638 Laser Power,Absence Of Excessive Cell Death,Absence Of Migrating Cells Coming From Colony Out Of FOV At Time Of Migration,All Cells Mask File Download,All Cells Mask URL,All Cells Mask Web Viewer,Binning,Camera Alignment Matrix,Cell Line,Channel Number 488 In raw_converted,Channel Number 638 In raw_converted,Channel Number Brightfield In raw_converted,Clone,CollagenIV Ground Truth Segmentation File Download,CollagenIV Segmentation Mesh Folder,CollagenIV Segmentation Probability File Download,CollagenIV Segmentation Probability URL,CollagenIV Segmentation Probability Web Viewer,Content Of Channel 0,Content Of Channel 1,Content Of Channel 2,Culture Media,CytoGFP Ground Truth Segmentation File Download,Date Of Plate Seeding,Dimensions Of Raw Images,ECM In Media,EMT Inducer,EOMES Nuclear Segmentation File Download,EOMES Nuclear Segmentation URL,EOMES Nuclear Segmentation Web Viewer,Experimental Condition,Exposure Time,File Path,Fluorescent Protein,Gene,Glass Coating,H2B Nuclear Segmentation File Download,H2B Nuclear Segmentation URL,H2B Nuclear Segmentation Web Viewer,Image Size C,Image Size T,Image Size X,Image Size Y,Image Size Z,Imaging Start Time,Instrument,Lumneoid Induction,Matrigel Lot,Movie ID,Objective,Pixel Size X,Pixel Size Y,Pixel Size Z (Actual),Pixel Size Z (Nominal),Plate Barcode,Position Index,Presence Of Migration,Protein,Raw Converted And All Segmentation Overlay Web Viewer,Raw Converted File Download,Raw Converted URL,Raw Converted Web Viewer,Scene Index,Single Colony Or Lumenoid At Time of Migration,Structure,Time Of Solutions Addition,Timelapse Interval,Timepoints Used For Basement Membrane Segmentation Training,Timepoints Used For Basement Membrane Segmentation Validation,Total Time Duration,Used For,Well Label
3500006256_11_raw_converted,0.77mW,0.8mW,TRUE,FALSE,s3://allencell/aics/emt_timelapse_dataset/data/3500006256_11_all_cells_mask.ome.zarr,https://allencell.s3.amazonaws.com/aics/emt_timelapse_dataset/data/3500006256_11_all_cells_mask.ome.zarr,https://volumeviewer.allencell.org/viewer?url=https%3A%2F%2Fallencell.s3.amazonaws.com%2Faics%2Femt_timelapse_dataset%2Fdata%2F3500006256_11_all_cells_mask.ome.zarr,1x1,"[[ 0.99925131  0.00142929 -1.09224837]
 [-0.00142929  0.99925131  0.13566399]
 [ 0.          0.          1.        ]]",AICS-0061,1,2,0,36,,,,,,Bright-field,mEGFP,CollagenIV,RPMI+B27 minus insulin ,,Mon Feb 19 2024,TCZYX,Matrigel at 1:60 in culture media,5uM CHIR in culture media,,,,2D colony EMT,50ms,https://allencell.s3.amazonaws.com/aics/emt_timelapse_dataset/data/3500006256_11_raw_converted.ome.zarr,mEGFP,HIST1H2BJ,Diluted Matrigel + DMEM/F12,s3://allencell/aics/emt_timelapse_dataset/data/3500006256_11_H2B_nuclear_segmentation.ome.zarr,https://allencell.s3.amazonaws.com/aics/emt_timelapse_dataset/data/3500006256_11_H2B_nuclear_segmentation.ome.zarr,https://volumeviewer.allencell.org/viewer?url=https%3A%2F%2Fallencell.s3.amazonaws.com%2Faics%2Femt_timelapse_dataset%2Fdata%2F3500006256_11_H2B_nuclear_segmentation.ome.zarr,3,121,1848,1248,30,Feb 23 2024 13H02,ZSD-0,NA,Lot 3119527,3500006256_11,20x/0.80,0.271,0.271,2.88,2,3500006256,11,TRUE,histone H2B type 1-J,"https://volumeviewer.allencell.org/viewer?url=https%3A%2F%2Fallencell.s3.amazonaws.com%2Faics%2Femt_timelapse_dataset%2Fdata%2F3500006256_11_raw_converted.ome.zarr,https%3A%2F%2Fallencell.s3.amazonaws.com%2Faics%2Femt_timelapse_dataset%2Fdata%2F3500006256_11_all_cells_mask.ome.zarr,https%3A%2F%2Fallencell.s3.amazonaws.com%2Faics%2Femt_timelapse_dataset%2Fdata%2F3500006256_11_H2B_nuclear_segmentation.ome.zarr&t=24&mode=maxproject&c0=lut:0:autoij,ven:0&c1=lut:0:autoij,ven:1&c2=lut:0:autoij,ven:1,col:bd10e0&c3&c4",s3://allencell/aics/emt_timelapse_dataset/data/3500006256_11_raw_converted.ome.zarr,https://allencell.s3.amazonaws.com/aics/emt_timelapse_dataset/data/3500006256_11_raw_converted.ome.zarr,"https://volumeviewer.allencell.org/viewer?url=https%3A%2F%2Fallencell.s3.amazonaws.com%2Faics%2Femt_timelapse_dataset%2Fdata%2F3500006256_11_raw_converted.ome.zarr&t=24&mode=maxproject&c0=lut:0:autoij,ven:0&c1=lut:0:autoij,ven:1&c2=lut:0:autoij,ven:1,col:bd10e0",11,TRUE,heterochromatin,Feb 23 2024 12H25,30 minutes,,,2D 12H,,B10
3500006256_12_raw_converted,0.77mW,0.8mW,TRUE,TRUE,s3://allencell/aics/emt_timelapse_dataset/data/3500006256_12_all_cells_mask.ome.zarr,https://allencell.s3.amazonaws.com/aics/emt_timelapse_dataset/data/3500006256_12_all_cells_mask.ome.zarr,https://volumeviewer.allencell.org/viewer?url=https%3A%2F%2Fallencell.s3.amazonaws.com%2Faics%2Femt_timelapse_dataset%2Fdata%2F3500006256_12_all_cells_mask.ome.zarr,1x1,"[[ 0.99925131  0.00142929 -1.09224837]
 [-0.00142929  0.99925131  0.13566399]
 [ 0.          0.          1.        ]]",AICS-0061,1,2,0,36,,,,,,Bright-field,mEGFP,CollagenIV,RPMI+B27 minus insulin ,,Mon Feb 19 2024,TCZYX,Matrigel at 1:60 in culture media,5uM CHIR in culture media,,,,2D colony EMT,50ms,https://allencell.s3.amazonaws.com/aics/emt_timelapse_dataset/data/3500006256_12_raw_converted.ome.zarr,mEGFP,HIST1H2BJ,Diluted Matrigel + DMEM/F12,s3://allencell/aics/emt_timelapse_dataset/data/3500006256_12_H2B_nuclear_segmentation.ome.zarr,https://allencell.s3.amazonaws.com/aics/emt_timelapse_dataset/data/3500006256_12_H2B_nuclear_segmentation.ome.zarr,https://volumeviewer.allencell.org/viewer?url=https%3A%2F%2Fallencell.s3.amazonaws.com%2Faics%2Femt_timelapse_dataset%2Fdata%2F3500006256_12_H2B_nuclear_segmentation.ome.zarr,3,121,1848,1248,30,Feb 23 2024 13H02,ZSD-0,NA,Lot 3119527,3500006256_12,20x/0.80,0.271,0.271,2.88,2,3500006256,12,TRUE,histone H2B type 1-J,"https://volumeviewer.allencell.org/viewer?url=https%3A%2F%2Fallencell.s3.amazonaws.com%2Faics%2Femt_timelapse_dataset%2Fdata%2F3500006256_12_raw_converted.ome.zarr,https%3A%2F%2Fallencell.s3.amazonaws.com%2Faics%2Femt_timelapse_dataset%2Fdata%2F3500006256_12_all_cells_mask.ome.zarr,https%3A%2F%2Fallencell.s3.amazonaws.com%2Faics%2Femt_timelapse_dataset%2Fdata%2F3500006256_12_H2B_nuclear_segmentation.ome.zarr&t=24&mode=maxproject&c0=lut:0:autoij,ven:0&c1=lut:0:autoij,ven:1&c2=lut:0:autoij,ven:1,col:bd10e0&c3&c4",s3://allencell/aics/emt_timelapse_dataset/data/3500006256_12_raw_converted.ome.zarr,https://allencell.s3.amazonaws.com/aics/emt_timelapse_dataset/data/3500006256_12_raw_converted.ome.zarr,"https://volumeviewer.allencell.org/viewer?url=https%3A%2F%2Fallencell.s3.amazonaws.com%2Faics%2Femt_timelapse_dataset%2Fdata%2F3500006256_12_raw_converted.ome.zarr&t=24&mode=maxproject&c0=lut:0:autoij,ven:0&c1=lut:0:autoij,ven:1&c2=lut:0:autoij,ven:1,col:bd10e0",12,TRUE,heterochromatin,Feb 23 2024 12H25,30 minutes,,,2D 12H,"Plotting, Illustration of Figure 3",B10
3500006256_19_raw_converted,0.77mW,0.8mW,TRUE,TRUE,s3://allencell/aics/emt_timelapse_dataset/data/3500006256_19_all_cells_mask.ome.zarr,https://allencell.s3.amazonaws.com/aics/emt_timelapse_dataset/data/3500006256_19_all_cells_mask.ome.zarr,https://volumeviewer.allencell.org/viewer?url=https%3A%2F%2Fallencell.s3.amazonaws.com%2Faics%2Femt_timelapse_dataset%2Fdata%2F3500006256_19_all_cells_mask.ome.zarr,1x1,"[[ 0.99925131  0.00142929 -1.09224837]
 [-0.00142929  0.99925131  0.13566399]
 [ 0.          0.          1.        ]]",AICS-0061,1,2,0,36,,s3://allencell/aics/emt_timelapse_dataset/data/3500006256_19_collagenIV_segmentation_mesh,s3://allencell/aics/emt_timelapse_dataset/data/3500006256_19_collagenIV_segmentation_probability.ome.zarr,https://allencell.s3.amazonaws.com/aics/emt_timelapse_dataset/data/3500006256_19_collagenIV_segmentation_probability.ome.zarr,https://volumeviewer.allencell.org/viewer?url=https%3A%2F%2Fallencell.s3.amazonaws.com%2Faics%2Femt_timelapse_dataset%2Fdata%2F3500006256_19_collagenIV_segmentation_probability.ome.zarr,Bright-field,mEGFP,CollagenIV,RPMI+B27 minus insulin ,,Mon Feb 19 2024,TCZYX,Matrigel at 1:60 in culture media,5uM CHIR in culture media,,,,3D lumenoid EMT,50ms,https://allencell.s3.amazonaws.com/aics/emt_timelapse_dataset/data/3500006256_19_raw_converted.ome.zarr,mEGFP,HIST1H2BJ,Diluted Matrigel + DMEM/F12,s3://allencell/aics/emt_timelapse_dataset/data/3500006256_19_H2B_nuclear_segmentation.ome.zarr,https://allencell.s3.amazonaws.com/aics/emt_timelapse_dataset/data/3500006256_19_H2B_nuclear_segmentation.ome.zarr,https://volumeviewer.allencell.org/viewer?url=https%3A%2F%2Fallencell.s3.amazonaws.com%2Faics%2Femt_timelapse_dataset%2Fdata%2F3500006256_19_H2B_nuclear_segmentation.ome.zarr,3,121,1848,1248,30,Feb 23 2024 13H02,ZSD-0,two days prior to imaging,Lot 3119527,3500006256_19,20x/0.80,0.271,0.271,2.88,2,3500006256,16,TRUE,histone H2B type 1-J,"https://volumeviewer.allencell.org/viewer?url=https%3A%2F%2Fallencell.s3.amazonaws.com%2Faics%2Femt_timelapse_dataset%2Fdata%2F3500006256_19_raw_converted.ome.zarr,https%3A%2F%2Fallencell.s3.amazonaws.com%2Faics%2Femt_timelapse_dataset%2Fdata%2F3500006256_19_all_cells_mask.ome.zarr,https%3A%2F%2Fallencell.s3.amazonaws.com%2Faics%2Femt_timelapse_dataset%2Fdata%2F3500006256_19_H2B_nuclear_segmentation.ome.zarr,https%3A%2F%2Fallencell.s3.amazonaws.com%2Faics%2Femt_timelapse_dataset%2Fdata%2F3500006256_19_collagenIV_segmentation_probability.ome.zarr&t=24&mode=maxproject&c0=lut:0:autoij,ven:0&c1=lut:0:autoij,ven:1&c2=lut:0:autoij,ven:1,col:bd10e0&c3&c4&c5",s3://allencell/aics/emt_timelapse_dataset/data/3500006256_19_raw_converted.ome.zarr,https://allencell.s3.amazonaws.com/aics/emt_timelapse_dataset/data/3500006256_19_raw_converted.ome.zarr,"https://volumeviewer.allencell.org/viewer?url=https%3A%2F%2Fallencell.s3.amazonaws.com%2Faics%2Femt_timelapse_dataset%2Fdata%2F3500006256_19_raw_converted.ome.zarr&t=24&mode=maxproject&c0=lut:0:autoij,ven:0&c1=lut:0:autoij,ven:1&c2=lut:0:autoij,ven:1,col:bd10e0",19,TRUE,heterochromatin,Feb 23 2024 12H25,30 minutes,,,2D 12H,"Plotting, Determination of migration timing using the basement membrane mesh",C10
3500006256_21_raw_converted,0.77mW,0.8mW,TRUE,TRUE,s3://allencell/aics/emt_timelapse_dataset/data/3500006256_21_all_cells_mask.ome.zarr,https://allencell.s3.amazonaws.com/aics/emt_timelapse_dataset/data/3500006256_21_all_cells_mask.ome.zarr,https://volumeviewer.allencell.org/viewer?url=https%3A%2F%2Fallencell.s3.amazonaws.com%2Faics%2Femt_timelapse_dataset%2Fdata%2F3500006256_21_all_cells_mask.ome.zarr,1x1,"[[ 0.99925131  0.00142929 -1.09224837]
 [-0.00142929  0.99925131  0.13566399]
 [ 0.          0.          1.        ]]",AICS-0061,1,2,0,36,,s3://allencell/aics/emt_timelapse_dataset/data/3500006256_21_collagenIV_segmentation_mesh,s3://allencell/aics/emt_timelapse_dataset/data/3500006256_21_collagenIV_segmentation_probability.ome.zarr,https://allencell.s3.amazonaws.com/aics/emt_timelapse_dataset/data/3500006256_21_collagenIV_segmentation_probability.ome.zarr,https://volumeviewer.allencell.org/viewer?url=https%3A%2F%2Fallencell.s3.amazonaws.com%2Faics%2Femt_timelapse_dataset%2Fdata%2F3500006256_21_collagenIV_segmentation_probability.ome.zarr,Bright-field,mEGFP,CollagenIV,RPMI+B27 minus insulin ,,Mon Feb 19 2024,TCZYX,Matrigel at 1:60 in culture media,5uM CHIR in culture media,,,,3D lumenoid EMT,50ms,https://allencell.s3.amazonaws.com/aics/emt_timelapse_dataset/data/3500006256_21_raw_converted.ome.zarr,mEGFP,HIST1H2BJ,Diluted Matrigel + DMEM/F12,s3://allencell/aics/emt_timelapse_dataset/data/3500006256_21_H2B_nuclear_segmentation.ome.zarr,https://allencell.s3.amazonaws.com/aics/emt_timelapse_dataset/data/3500006256_21_H2B_nuclear_segmentation.ome.zarr,https://volumeviewer.allencell.org/viewer?url=https%3A%2F%2Fallencell.s3.amazonaws.com%2Faics%2Femt_timelapse_dataset%2Fdata%2F3500006256_21_H2B_nuclear_segmentation.ome.zarr,3,121,1848,1248,30,Feb 23 2024 13H02,ZSD-0,two days prior to imaging,Lot 3119527,3500006256_21,20x/0.80,0.271,0.271,2.88,2,3500006256,18,TRUE,histone H2B type 1-J,"https://volumeviewer.allencell.org/viewer?url=https%3A%2F%2Fallencell.s3.amazonaws.com%2Faics%2Femt_timelapse_dataset%2Fdata%2F3500006256_21_raw_converted.ome.zarr,https%3A%2F%2Fallencell.s3.amazonaws.com%2Faics%2Femt_timelapse_dataset%2Fdata%2F3500006256_21_all_cells_mask.ome.zarr,https%3A%2F%2Fallencell.s3.amazonaws.com%2Faics%2Femt_timelapse_dataset%2Fdata%2F3500006256_21_H2B_nuclear_segmentation.ome.zarr,https%3A%2F%2Fallencell.s3.amazonaws.com%2Faics%2Femt_timelapse_dataset%2Fdata%2F3500006256_21_collagenIV_segmentation_probability.ome.zarr&t=24&mode=maxproject&c0=lut:0:autoij,ven:0&c1=lut:0:autoij,ven:1&c2=lut:0:autoij,ven:1,col:bd10e0&c3&c4&c5",s3://allencell/aics/emt_timelapse_dataset/data/3500006256_21_raw_converted.ome.zarr,https://allencell.s3.amazonaws.com/aics/emt_timelapse_dataset/data/3500006256_21_raw_converted.ome.zarr,"https://volumeviewer.allencell.org/viewer?url=https%3A%2F%2Fallencell.s3.amazonaws.com%2Faics%2Femt_timelapse_dataset%2Fdata%2F3500006256_21_raw_converted.ome.zarr&t=24&mode=maxproject&c0=lut:0:autoij,ven:0&c1=lut:0:autoij,ven:1&c2=lut:0:autoij,ven:1,col:bd10e0",21,TRUE,heterochromatin,Feb 23 2024 12H25,30 minutes,,,2D 12H,"Plotting, Determination of migration timing using the basement membrane mesh",C10
3500006256_1_raw_converted,0.77mW,0.8mW,TRUE,TRUE,s3://allencell/aics/emt_timelapse_dataset/data/3500006256_1_all_cells_mask.ome.zarr,https://allencell.s3.amazonaws.com/aics/emt_timelapse_dataset/data/3500006256_1_all_cells_mask.ome.zarr,https://volumeviewer.allencell.org/viewer?url=https%3A%2F%2Fallencell.s3.amazonaws.com%2Faics%2Femt_timelapse_dataset%2Fdata%2F3500006256_1_all_cells_mask.ome.zarr,1x1,"[[ 0.99925131  0.00142929 -1.09224837]
 [-0.00142929  0.99925131  0.13566399]
 [ 0.          0.          1.        ]]",AICS-0061,1,2,0,36,,,,,,Bright-field,mEGFP,CollagenIV,RPMI+B27 minus insulin ,,Mon Feb 19 2024,TCZYX,Matrigel at 1:60 in culture media,5uM CHIR in culture media,,,,2D colony EMT,50ms,https://allencell.s3.amazonaws.com/aics/emt_timelapse_dataset/data/3500006256_1_raw_converted.ome.zarr,mEGFP,HIST1H2BJ,Diluted Matrigel + DMEM/F12,s3://allencell/aics/emt_timelapse_dataset/data/3500006256_1_H2B_nuclear_segmentation.ome.zarr,https://allencell.s3.amazonaws.com/aics/emt_timelapse_dataset/data/3500006256_1_H2B_nuclear_segmentation.ome.zarr,https://volumeviewer.allencell.org/viewer?url=https%3A%2F%2Fallencell.s3.amazonaws.com%2Faics%2Femt_timelapse_dataset%2Fdata%2F3500006256_1_H2B_nuclear_segmentation.ome.zarr,3,121,1848,1248,30,Feb 23 2024 13H02,ZSD-0,NA,Lot 3119527,3500006256_1,20x/0.80,0.271,0.271,2.88,2,3500006256,1,TRUE,histone H2B type 1-J,"https://volumeviewer.allencell.org/viewer?url=https%3A%2F%2Fallencell.s3.amazonaws.com%2Faics%2Femt_timelapse_dataset%2Fdata%2F3500006256_1_raw_converted.ome.zarr,https%3A%2F%2Fallencell.s3.amazonaws.com%2Faics%2Femt_timelapse_dataset%2Fdata%2F3500006256_1_all_cells_mask.ome.zarr,https%3A%2F%2Fallencell.s3.amazonaws.com%2Faics%2Femt_timelapse_dataset%2Fdata%2F3500006256_1_H2B_nuclear_segmentation.ome.zarr&t=24&mode=maxproject&c0=lut:0:autoij,ven:0&c1=lut:0:autoij,ven:1&c2=lut:0:autoij,ven:1,col:bd10e0&c3&c4",s3://allencell/aics/emt_timelapse_dataset/data/3500006256_1_raw_converted.ome.zarr,https://allencell.s3.amazonaws.com/aics/emt_timelapse_dataset/data/3500006256_1_raw_converted.ome.zarr,"https://volumeviewer.allencell.org/viewer?url=https%3A%2F%2Fallencell.s3.amazonaws.com%2Faics%2Femt_timelapse_dataset%2Fdata%2F3500006256_1_raw_converted.ome.zarr&t=24&mode=maxproject&c0=lut:0:autoij,ven:0&c1=lut:0:autoij,ven:1&c2=lut:0:autoij,ven:1,col:bd10e0",1,TRUE,heterochromatin,Feb 23 2024 12H25,30 minutes,,,2D 12H,Plotting,B7
3500006256_25_raw_converted,0.77mW,0.8mW,TRUE,TRUE,s3://allencell/aics/emt_timelapse_dataset/data/3500006256_25_all_cells_mask.ome.zarr,https://allencell.s3.amazonaws.com/aics/emt_timelapse_dataset/data/3500006256_25_all_cells_mask.ome.zarr,https://volumeviewer.allencell.org/viewer?url=https%3A%2F%2Fallencell.s3.amazonaws.com%2Faics%2Femt_timelapse_dataset%2Fdata%2F3500006256_25_all_cells_mask.ome.zarr,1x1,"[[ 0.99925131  0.00142929 -1.09224837]
 [-0.00142929  0.99925131  0.13566399]
 [ 0.          0.          1.        ]]",AICS-0061,1,2,0,36,,,,,,Bright-field,mEGFP,CollagenIV,RPMI+B27 minus insulin ,,Mon Feb 19 2024,TCZYX,Matrigel at 1:60 in culture media,5uM CHIR in culture media,,,,2D colony EMT,50ms,https://allencell.s3.amazonaws.com/aics/emt_timelapse_dataset/data/3500006256_25_raw_converted.ome.zarr,mEGFP,HIST1H2BJ,Diluted Matrigel + DMEM/F12,s3://allencell/aics/emt_timelapse_dataset/data/3500006256_25_H2B_nuclear_segmentation.ome.zarr,https://allencell.s3.amazonaws.com/aics/emt_timelapse_dataset/data/3500006256_25_H2B_nuclear_segmentation.ome.zarr,https://volumeviewer.allencell.org/viewer?url=https%3A%2F%2Fallencell.s3.amazonaws.com%2Faics%2Femt_timelapse_dataset%2Fdata%2F3500006256_25_H2B_nuclear_segmentation.ome.zarr,3,121,1848,1248,30,Feb 23 2024 13H02,ZSD-0,NA,Lot 3119527,3500006256_25,20x/0.80,0.271,0.271,2.88,2,3500006256,25,TRUE,histone H2B type 1-J,"https://volumeviewer.allencell.org/viewer?url=https%3A%2F%2Fallencell.s3.amazonaws.com%2Faics%2Femt_timelapse_dataset%2Fdata%2F3500006256_25_raw_converted.ome.zarr,https%3A%2F%2Fallencell.s3.amazonaws.com%2Faics%2Femt_timelapse_dataset%2Fdata%2F3500006256_25_all_cells_mask.ome.zarr,https%3A%2F%2Fallencell.s3.amazonaws.com%2Faics%2Femt_timelapse_dataset%2Fdata%2F3500006256_25_H2B_nuclear_segmentation.ome.zarr&t=24&mode=maxproject&c0=lut:0:autoij,ven:0&c1=lut:0:autoij,ven:1&c2=lut:0:autoij,ven:1,col:bd10e0&c3&c4",s3://allencell/aics/emt_timelapse_dataset/data/3500006256_25_raw_converted.ome.zarr,https://allencell.s3.amazonaws.com/aics/emt_timelapse_dataset/data/3500006256_25_raw_converted.ome.zarr,"https://volumeviewer.allencell.org/viewer?url=https%3A%2F%2Fallencell.s3.amazonaws.com%2Faics%2Femt_timelapse_dataset%2Fdata%2F3500006256_25_raw_converted.ome.zarr&t=24&mode=maxproject&c0=lut:0:autoij,ven:0&c1=lut:0:autoij,ven:1&c2=lut:0:autoij,ven:1,col:bd10e0",25,TRUE,heterochromatin,Feb 23 2024 12H25,30 minutes,,,2D 12H,Plotting,D9
3500006256_26_raw_converted,0.77mW,0.8mW,TRUE,TRUE,s3://allencell/aics/emt_timelapse_dataset/data/3500006256_26_all_cells_mask.ome.zarr,https://allencell.s3.amazonaws.com/aics/emt_timelapse_dataset/data/3500006256_26_all_cells_mask.ome.zarr,https://volumeviewer.allencell.org/viewer?url=https%3A%2F%2Fallencell.s3.amazonaws.com%2Faics%2Femt_timelapse_dataset%2Fdata%2F3500006256_26_all_cells_mask.ome.zarr,1x1,"[[ 0.99925131  0.00142929 -1.09224837]
 [-0.00142929  0.99925131  0.13566399]
 [ 0.          0.          1.        ]]",AICS-0061,1,2,0,36,,,,,,Bright-field,mEGFP,CollagenIV,RPMI+B27 minus insulin ,,Mon Feb 19 2024,TCZYX,Matrigel at 1:60 in culture media,5uM CHIR in culture media,,,,2D colony EMT,50ms,https://allencell.s3.amazonaws.com/aics/emt_timelapse_dataset/data/3500006256_26_raw_converted.ome.zarr,mEGFP,HIST1H2BJ,Diluted Matrigel + DMEM/F12,s3://allencell/aics/emt_timelapse_dataset/data/3500006256_26_H2B_nuclear_segmentation.ome.zarr,https://allencell.s3.amazonaws.com/aics/emt_timelapse_dataset/data/3500006256_26_H2B_nuclear_segmentation.ome.zarr,https://volumeviewer.allencell.org/viewer?url=https%3A%2F%2Fallencell.s3.amazonaws.com%2Faics%2Femt_timelapse_dataset%2Fdata%2F3500006256_26_H2B_nuclear_segmentation.ome.zarr,3,121,1848,1248,30,Feb 23 2024 13H02,ZSD-0,NA,Lot 3119527,3500006256_26,20x/0.80,0.271,0.271,2.88,2,3500006256,26,TRUE,histone H2B type 1-J,"https://volumeviewer.allencell.org/viewer?url=https%3A%2F%2Fallencell.s3.amazonaws.com%2Faics%2Femt_timelapse_dataset%2Fdata%2F3500006256_26_raw_converted.ome.zarr,https%3A%2F%2Fallencell.s3.amazonaws.com%2Faics%2Femt_timelapse_dataset%2Fdata%2F3500006256_26_all_cells_mask.ome.zarr,https%3A%2F%2Fallencell.s3.amazonaws.com%2Faics%2Femt_timelapse_dataset%2Fdata%2F3500006256_26_H2B_nuclear_segmentation.ome.zarr&t=24&mode=maxproject&c0=lut:0:autoij,ven:0&c1=lut:0:autoij,ven:1&c2=lut:0:autoij,ven:1,col:bd10e0&c3&c4",s3://allencell/aics/emt_timelapse_dataset/data/3500006256_26_raw_converted.ome.zarr,https://allencell.s3.amazonaws.com/aics/emt_timelapse_dataset/data/3500006256_26_raw_converted.ome.zarr,"https://volumeviewer.allencell.org/viewer?url=https%3A%2F%2Fallencell.s3.amazonaws.com%2Faics%2Femt_timelapse_dataset%2Fdata%2F3500006256_26_raw_converted.ome.zarr&t=24&mode=maxproject&c0=lut:0:autoij,ven:0&c1=lut:0:autoij,ven:1&c2=lut:0:autoij,ven:1,col:bd10e0",26,TRUE,heterochromatin,Feb 23 2024 12H25,30 minutes,,,2D 12H,Plotting,D9
3500006256_4_raw_converted,0.77mW,0.8mW,TRUE,TRUE,s3://allencell/aics/emt_timelapse_dataset/data/3500006256_4_all_cells_mask.ome.zarr,https://allencell.s3.amazonaws.com/aics/emt_timelapse_dataset/data/3500006256_4_all_cells_mask.ome.zarr,https://volumeviewer.allencell.org/viewer?url=https%3A%2F%2Fallencell.s3.amazonaws.com%2Faics%2Femt_timelapse_dataset%2Fdata%2F3500006256_4_all_cells_mask.ome.zarr,1x1,"[[ 0.99925131  0.00142929 -1.09224837]
 [-0.00142929  0.99925131  0.13566399]
 [ 0.          0.          1.        ]]",AICS-0061,1,2,0,36,,,,,,Bright-field,mEGFP,CollagenIV,RPMI+B27 minus insulin ,,Mon Feb 19 2024,TCZYX,Matrigel at 1:60 in culture media,5uM CHIR in culture media,,,,2D colony EMT,50ms,https://allencell.s3.amazonaws.com/aics/emt_timelapse_dataset/data/3500006256_4_raw_converted.ome.zarr,mEGFP,HIST1H2BJ,Diluted Matrigel + DMEM/F12,s3://allencell/aics/emt_timelapse_dataset/data/3500006256_4_H2B_nuclear_segmentation.ome.zarr,https://allencell.s3.amazonaws.com/aics/emt_timelapse_dataset/data/3500006256_4_H2B_nuclear_segmentation.ome.zarr,https://volumeviewer.allencell.org/viewer?url=https%3A%2F%2Fallencell.s3.amazonaws.com%2Faics%2Femt_timelapse_dataset%2Fdata%2F3500006256_4_H2B_nuclear_segmentation.ome.zarr,3,121,1848,1248,30,Feb 23 2024 13H02,ZSD-0,NA,Lot 3119527,3500006256_4,20x/0.80,0.271,0.271,2.88,2,3500006256,4,TRUE,histone H2B type 1-J,"https://volumeviewer.allencell.org/viewer?url=https%3A%2F%2Fallencell.s3.amazonaws.com%2Faics%2Femt_timelapse_dataset%2Fdata%2F3500006256_4_raw_converted.ome.zarr,https%3A%2F%2Fallencell.s3.amazonaws.com%2Faics%2Femt_timelapse_dataset%2Fdata%2F3500006256_4_all_cells_mask.ome.zarr,https%3A%2F%2Fallencell.s3.amazonaws.com%2Faics%2Femt_timelapse_dataset%2Fdata%2F3500006256_4_H2B_nuclear_segmentation.ome.zarr&t=24&mode=maxproject&c0=lut:0:autoij,ven:0&c1=lut:0:autoij,ven:1&c2=lut:0:autoij,ven:1,col:bd10e0&c3&c4",s3://allencell/aics/emt_timelapse_dataset/data/3500006256_4_raw_converted.ome.zarr,https://allencell.s3.amazonaws.com/aics/emt_timelapse_dataset/data/3500006256_4_raw_converted.ome.zarr,"https://volumeviewer.allencell.org/viewer?url=https%3A%2F%2Fallencell.s3.amazonaws.com%2Faics%2Femt_timelapse_dataset%2Fdata%2F3500006256_4_raw_converted.ome.zarr&t=24&mode=maxproject&c0=lut:0:autoij,ven:0&c1=lut:0:autoij,ven:1&c2=lut:0:autoij,ven:1,col:bd10e0",4,TRUE,heterochromatin,Feb 23 2024 12H25,30 minutes,,,2D 12H,Plotting,B8
3500006256_6_raw_converted,0.77mW,0.8mW,TRUE,TRUE,s3://allencell/aics/emt_timelapse_dataset/data/3500006256_6_all_cells_mask.ome.zarr,https://allencell.s3.amazonaws.com/aics/emt_timelapse_dataset/data/3500006256_6_all_cells_mask.ome.zarr,https://volumeviewer.allencell.org/viewer?url=https%3A%2F%2Fallencell.s3.amazonaws.com%2Faics%2Femt_timelapse_dataset%2Fdata%2F3500006256_6_all_cells_mask.ome.zarr,1x1,"[[ 0.99925131  0.00142929 -1.09224837]
 [-0.00142929  0.99925131  0.13566399]
 [ 0.          0.          1.        ]]",AICS-0061,1,2,0,36,,,,,,Bright-field,mEGFP,CollagenIV,RPMI+B27 minus insulin ,,Mon Feb 19 2024,TCZYX,Matrigel at 1:60 in culture media,5uM CHIR in culture media,,,,2D colony EMT,50ms,https://allencell.s3.amazonaws.com/aics/emt_timelapse_dataset/data/3500006256_6_raw_converted.ome.zarr,mEGFP,HIST1H2BJ,Diluted Matrigel + DMEM/F12,s3://allencell/aics/emt_timelapse_dataset/data/3500006256_6_H2B_nuclear_segmentation.ome.zarr,https://allencell.s3.amazonaws.com/aics/emt_timelapse_dataset/data/3500006256_6_H2B_nuclear_segmentation.ome.zarr,https://volumeviewer.allencell.org/viewer?url=https%3A%2F%2Fallencell.s3.amazonaws.com%2Faics%2Femt_timelapse_dataset%2Fdata%2F3500006256_6_H2B_nuclear_segmentation.ome.zarr,3,121,1848,1248,30,Feb 23 2024 13H02,ZSD-0,NA,Lot 3119527,3500006256_6,20x/0.80,0.271,0.271,2.88,2,3500006256,5,TRUE,histone H2B type 1-J,"https://volumeviewer.allencell.org/viewer?url=https%3A%2F%2Fallencell.s3.amazonaws.com%2Faics%2Femt_timelapse_dataset%2Fdata%2F3500006256_6_raw_converted.ome.zarr,https%3A%2F%2Fallencell.s3.amazonaws.com%2Faics%2Femt_timelapse_dataset%2Fdata%2F3500006256_6_all_cells_mask.ome.zarr,https%3A%2F%2Fallencell.s3.amazonaws.com%2Faics%2Femt_timelapse_dataset%2Fdata%2F3500006256_6_H2B_nuclear_segmentation.ome.zarr&t=24&mode=maxproject&c0=lut:0:autoij,ven:0&c1=lut:0:autoij,ven:1&c2=lut:0:autoij,ven:1,col:bd10e0&c3&c4",s3://allencell/aics/emt_timelapse_dataset/data/3500006256_6_raw_converted.ome.zarr,https://allencell.s3.amazonaws.com/aics/emt_timelapse_dataset/data/3500006256_6_raw_converted.ome.zarr,"https://volumeviewer.allencell.org/viewer?url=https%3A%2F%2Fallencell.s3.amazonaws.com%2Faics%2Femt_timelapse_dataset%2Fdata%2F3500006256_6_raw_converted.ome.zarr&t=24&mode=maxproject&c0=lut:0:autoij,ven:0&c1=lut:0:autoij,ven:1&c2=lut:0:autoij,ven:1,col:bd10e0",6,TRUE,heterochromatin,Feb 23 2024 12H25,30 minutes,,,2D 12H,Plotting,B8
3500006256_5_raw_converted,0.77mW,0.8mW,TRUE,TRUE,s3://allencell/aics/emt_timelapse_dataset/data/3500006256_5_all_cells_mask.ome.zarr,https://allencell.s3.amazonaws.com/aics/emt_timelapse_dataset/data/3500006256_5_all_cells_mask.ome.zarr,https://volumeviewer.allencell.org/viewer?url=https%3A%2F%2Fallencell.s3.amazonaws.com%2Faics%2Femt_timelapse_dataset%2Fdata%2F3500006256_5_all_cells_mask.ome.zarr,1x1,"[[ 0.99925131  0.00142929 -1.09224837]
 [-0.00142929  0.99925131  0.13566399]
 [ 0.          0.          1.        ]]",AICS-0061,1,2,0,36,,,,,,Bright-field,mEGFP,CollagenIV,RPMI+B27 minus insulin ,,Mon Feb 19 2024,TCZYX,Matrigel at 1:60 in culture media,5uM CHIR in culture media,,,,2D colony EMT,50ms,https://allencell.s3.amazonaws.com/aics/emt_timelapse_dataset/data/3500006256_5_raw_converted.ome.zarr,mEGFP,HIST1H2BJ,Diluted Matrigel + DMEM/F12,s3://allencell/aics/emt_timelapse_dataset/data/3500006256_5_H2B_nuclear_segmentation.ome.zarr,https://allencell.s3.amazonaws.com/aics/emt_timelapse_dataset/data/3500006256_5_H2B_nuclear_segmentation.ome.zarr,https://volumeviewer.allencell.org/viewer?url=https%3A%2F%2Fallencell.s3.amazonaws.com%2Faics%2Femt_timelapse_dataset%2Fdata%2F3500006256_5_H2B_nuclear_segmentation.ome.zarr,3,121,1848,1248,30,Feb 23 2024 13H02,ZSD-0,NA,Lot 3119527,3500006256_5,20x/0.80,0.271,0.271,2.88,2,3500006256,6,TRUE,histone H2B type 1-J,"https://volumeviewer.allencell.org/viewer?url=https%3A%2F%2Fallencell.s3.amazonaws.com%2Faics%2Femt_timelapse_dataset%2Fdata%2F3500006256_5_raw_converted.ome.zarr,https%3A%2F%2Fallencell.s3.amazonaws.com%2Faics%2Femt_timelapse_dataset%2Fdata%2F3500006256_5_all_cells_mask.ome.zarr,https%3A%2F%2Fallencell.s3.amazonaws.com%2Faics%2Femt_timelapse_dataset%2Fdata%2F3500006256_5_H2B_nuclear_segmentation.ome.zarr&t=24&mode=maxproject&c0=lut:0:autoij,ven:0&c1=lut:0:autoij,ven:1&c2=lut:0:autoij,ven:1,col:bd10e0&c3&c4",s3://allencell/aics/emt_timelapse_dataset/data/3500006256_5_raw_converted.ome.zarr,https://allencell.s3.amazonaws.com/aics/emt_timelapse_dataset/data/3500006256_5_raw_converted.ome.zarr,"https://volumeviewer.allencell.org/viewer?url=https%3A%2F%2Fallencell.s3.amazonaws.com%2Faics%2Femt_timelapse_dataset%2Fdata%2F3500006256_5_raw_converted.ome.zarr&t=24&mode=maxproject&c0=lut:0:autoij,ven:0&c1=lut:0:autoij,ven:1&c2=lut:0:autoij,ven:1,col:bd10e0",5,TRUE,heterochromatin,Feb 23 2024 12H25,30 minutes,,,2D 12H,Plotting,B8
3500006256_7_raw_converted,0.77mW,0.8mW,TRUE,TRUE,s3://allencell/aics/emt_timelapse_dataset/data/3500006256_7_all_cells_mask.ome.zarr,https://allencell.s3.amazonaws.com/aics/emt_timelapse_dataset/data/3500006256_7_all_cells_mask.ome.zarr,https://volumeviewer.allencell.org/viewer?url=https%3A%2F%2Fallencell.s3.amazonaws.com%2Faics%2Femt_timelapse_dataset%2Fdata%2F3500006256_7_all_cells_mask.ome.zarr,1x1,"[[ 0.99925131  0.00142929 -1.09224837]
 [-0.00142929  0.99925131  0.13566399]
 [ 0.          0.          1.        ]]",AICS-0061,1,2,0,36,,,,,,Bright-field,mEGFP,CollagenIV,RPMI+B27 minus insulin ,,Mon Feb 19 2024,TCZYX,Matrigel at 1:60 in culture media,5uM CHIR in culture media,,,,2D colony EMT,50ms,https://allencell.s3.amazonaws.com/aics/emt_timelapse_dataset/data/3500006256_7_raw_converted.ome.zarr,mEGFP,HIST1H2BJ,Diluted Matrigel + DMEM/F12,s3://allencell/aics/emt_timelapse_dataset/data/3500006256_7_H2B_nuclear_segmentation.ome.zarr,https://allencell.s3.amazonaws.com/aics/emt_timelapse_dataset/data/3500006256_7_H2B_nuclear_segmentation.ome.zarr,https://volumeviewer.allencell.org/viewer?url=https%3A%2F%2Fallencell.s3.amazonaws.com%2Faics%2Femt_timelapse_dataset%2Fdata%2F3500006256_7_H2B_nuclear_segmentation.ome.zarr,3,121,1848,1248,30,Feb 23 2024 13H02,ZSD-0,NA,Lot 3119527,3500006256_7,20x/0.80,0.271,0.271,2.88,2,3500006256,7,TRUE,histone H2B type 1-J,"https://volumeviewer.allencell.org/viewer?url=https%3A%2F%2Fallencell.s3.amazonaws.com%2Faics%2Femt_timelapse_dataset%2Fdata%2F3500006256_7_raw_converted.ome.zarr,https%3A%2F%2Fallencell.s3.amazonaws.com%2Faics%2Femt_timelapse_dataset%2Fdata%2F3500006256_7_all_cells_mask.ome.zarr,https%3A%2F%2Fallencell.s3.amazonaws.com%2Faics%2Femt_timelapse_dataset%2Fdata%2F3500006256_7_H2B_nuclear_segmentation.ome.zarr&t=24&mode=maxproject&c0=lut:0:autoij,ven:0&c1=lut:0:autoij,ven:1&c2=lut:0:autoij,ven:1,col:bd10e0&c3&c4",s3://allencell/aics/emt_timelapse_dataset/data/3500006256_7_raw_converted.ome.zarr,https://allencell.s3.amazonaws.com/aics/emt_timelapse_dataset/data/3500006256_7_raw_converted.ome.zarr,"https://volumeviewer.allencell.org/viewer?url=https%3A%2F%2Fallencell.s3.amazonaws.com%2Faics%2Femt_timelapse_dataset%2Fdata%2F3500006256_7_raw_converted.ome.zarr&t=24&mode=maxproject&c0=lut:0:autoij,ven:0&c1=lut:0:autoij,ven:1&c2=lut:0:autoij,ven:1,col:bd10e0",7,TRUE,heterochromatin,Feb 23 2024 12H25,30 minutes,,,2D 12H,Plotting,B9
3500006256_8_raw_converted,0.77mW,0.8mW,TRUE,FALSE,s3://allencell/aics/emt_timelapse_dataset/data/3500006256_8_all_cells_mask.ome.zarr,https://allencell.s3.amazonaws.com/aics/emt_timelapse_dataset/data/3500006256_8_all_cells_mask.ome.zarr,https://volumeviewer.allencell.org/viewer?url=https%3A%2F%2Fallencell.s3.amazonaws.com%2Faics%2Femt_timelapse_dataset%2Fdata%2F3500006256_8_all_cells_mask.ome.zarr,1x1,"[[ 0.99925131  0.00142929 -1.09224837]
 [-0.00142929  0.99925131  0.13566399]
 [ 0.          0.          1.        ]]",AICS-0061,1,2,0,36,,,,,,Bright-field,mEGFP,CollagenIV,RPMI+B27 minus insulin ,,Mon Feb 19 2024,TCZYX,Matrigel at 1:60 in culture media,5uM CHIR in culture media,,,,2D colony EMT,50ms,https://allencell.s3.amazonaws.com/aics/emt_timelapse_dataset/data/3500006256_8_raw_converted.ome.zarr,mEGFP,HIST1H2BJ,Diluted Matrigel + DMEM/F12,s3://allencell/aics/emt_timelapse_dataset/data/3500006256_8_H2B_nuclear_segmentation.ome.zarr,https://allencell.s3.amazonaws.com/aics/emt_timelapse_dataset/data/3500006256_8_H2B_nuclear_segmentation.ome.zarr,https://volumeviewer.allencell.org/viewer?url=https%3A%2F%2Fallencell.s3.amazonaws.com%2Faics%2Femt_timelapse_dataset%2Fdata%2F3500006256_8_H2B_nuclear_segmentation.ome.zarr,3,121,1848,1248,30,Feb 23 2024 13H02,ZSD-0,NA,Lot 3119527,3500006256_8,20x/0.80,0.271,0.271,2.88,2,3500006256,8,TRUE,histone H2B type 1-J,"https://volumeviewer.allencell.org/viewer?url=https%3A%2F%2Fallencell.s3.amazonaws.com%2Faics%2Femt_timelapse_dataset%2Fdata%2F3500006256_8_raw_converted.ome.zarr,https%3A%2F%2Fallencell.s3.amazonaws.com%2Faics%2Femt_timelapse_dataset%2Fdata%2F3500006256_8_all_cells_mask.ome.zarr,https%3A%2F%2Fallencell.s3.amazonaws.com%2Faics%2Femt_timelapse_dataset%2Fdata%2F3500006256_8_H2B_nuclear_segmentation.ome.zarr&t=24&mode=maxproject&c0=lut:0:autoij,ven:0&c1=lut:0:autoij,ven:1&c2=lut:0:autoij,ven:1,col:bd10e0&c3&c4",s3://allencell/aics/emt_timelapse_dataset/data/3500006256_8_raw_converted.ome.zarr,https://allencell.s3.amazonaws.com/aics/emt_timelapse_dataset/data/3500006256_8_raw_converted.ome.zarr,"https://volumeviewer.allencell.org/viewer?url=https%3A%2F%2Fallencell.s3.amazonaws.com%2Faics%2Femt_timelapse_dataset%2Fdata%2F3500006256_8_raw_converted.ome.zarr&t=24&mode=maxproject&c0=lut:0:autoij,ven:0&c1=lut:0:autoij,ven:1&c2=lut:0:autoij,ven:1,col:bd10e0",8,TRUE,heterochromatin,Feb 23 2024 12H25,30 minutes,,,2D 12H,,B9
3500006350_41_raw_converted,0.77mW,0.8mW,TRUE,FALSE,s3://allencell/aics/emt_timelapse_dataset/data/3500006350_41_all_cells_mask.ome.zarr,https://allencell.s3.amazonaws.com/aics/emt_timelapse_dataset/data/3500006350_41_all_cells_mask.ome.zarr,https://volumeviewer.allencell.org/viewer?url=https%3A%2F%2Fallencell.s3.amazonaws.com%2Faics%2Femt_timelapse_dataset%2Fdata%2F3500006350_41_all_cells_mask.ome.zarr,1x1,"[[ 1.00128540e+00 -3.89976729e-05 -1.63941323e+00]
 [ 3.89976729e-05  1.00128540e+00 -2.27474393e+00]
 [ 0.00000000e+00  0.00000000e+00  1.00000000e+00]]",AICS-0061,1,2,0,36,,,,,,Bright-field,mEGFP,CollagenIV,RPMI+B27 minus insulin ,,Mon Apr 08 2024,TCZYX,Matrigel at 1:60 in culture media,5uM CHIR in culture media,,,,2D PLF colony EMT,50ms,https://allencell.s3.amazonaws.com/aics/emt_timelapse_dataset/data/3500006350_41_raw_converted.ome.zarr,mEGFP,HIST1H2BJ,PLF (8.33ug/mL Fibronectin and 8.33ug/mL rhLaminin-521  and 0.08mg/mL Poly-D-Lysine),s3://allencell/aics/emt_timelapse_dataset/data/3500006350_41_H2B_nuclear_segmentation.ome.zarr,https://allencell.s3.amazonaws.com/aics/emt_timelapse_dataset/data/3500006350_41_H2B_nuclear_segmentation.ome.zarr,https://volumeviewer.allencell.org/viewer?url=https%3A%2F%2Fallencell.s3.amazonaws.com%2Faics%2Femt_timelapse_dataset%2Fdata%2F3500006350_41_H2B_nuclear_segmentation.ome.zarr,3,121,1848,1248,30,Apr 12 2024 14H58,ZSD-1,NA,Lot 3119527,3500006350_41,20x/0.80,0.271,0.271,2.88,2,3500006350,14,TRUE,histone H2B type 1-J,"https://volumeviewer.allencell.org/viewer?url=https%3A%2F%2Fallencell.s3.amazonaws.com%2Faics%2Femt_timelapse_dataset%2Fdata%2F3500006350_41_raw_converted.ome.zarr,https%3A%2F%2Fallencell.s3.amazonaws.com%2Faics%2Femt_timelapse_dataset%2Fdata%2F3500006350_41_all_cells_mask.ome.zarr,https%3A%2F%2Fallencell.s3.amazonaws.com%2Faics%2Femt_timelapse_dataset%2Fdata%2F3500006350_41_H2B_nuclear_segmentation.ome.zarr&t=24&mode=maxproject&c0=lut:0:autoij,ven:0&c1=lut:0:autoij,ven:1&c2=lut:0:autoij,ven:1,col:bd10e0&c3&c4",s3://allencell/aics/emt_timelapse_dataset/data/3500006350_41_raw_converted.ome.zarr,https://allencell.s3.amazonaws.com/aics/emt_timelapse_dataset/data/3500006350_41_raw_converted.ome.zarr,"https://volumeviewer.allencell.org/viewer?url=https%3A%2F%2Fallencell.s3.amazonaws.com%2Faics%2Femt_timelapse_dataset%2Fdata%2F3500006350_41_raw_converted.ome.zarr&t=24&mode=maxproject&c0=lut:0:autoij,ven:0&c1=lut:0:autoij,ven:1&c2=lut:0:autoij,ven:1,col:bd10e0",41,FALSE,heterochromatin,Apr 12 2024 14H31,30 minutes,,,2D 12H,,D6
3500006350_40_raw_converted,0.77mW,0.8mW,TRUE,FALSE,s3://allencell/aics/emt_timelapse_dataset/data/3500006350_40_all_cells_mask.ome.zarr,https://allencell.s3.amazonaws.com/aics/emt_timelapse_dataset/data/3500006350_40_all_cells_mask.ome.zarr,https://volumeviewer.allencell.org/viewer?url=https%3A%2F%2Fallencell.s3.amazonaws.com%2Faics%2Femt_timelapse_dataset%2Fdata%2F3500006350_40_all_cells_mask.ome.zarr,1x1,"[[ 1.00128540e+00 -3.89976729e-05 -1.63941323e+00]
 [ 3.89976729e-05  1.00128540e+00 -2.27474393e+00]
 [ 0.00000000e+00  0.00000000e+00  1.00000000e+00]]",AICS-0061,1,2,0,36,,,,,,Bright-field,mEGFP,CollagenIV,RPMI+B27 minus insulin ,,Mon Apr 08 2024,TCZYX,Matrigel at 1:60 in culture media,5uM CHIR in culture media,,,,2D PLF colony EMT,50ms,https://allencell.s3.amazonaws.com/aics/emt_timelapse_dataset/data/3500006350_40_raw_converted.ome.zarr,mEGFP,HIST1H2BJ,PLF (8.33ug/mL Fibronectin and 8.33ug/mL rhLaminin-521  and 0.08mg/mL Poly-D-Lysine),s3://allencell/aics/emt_timelapse_dataset/data/3500006350_40_H2B_nuclear_segmentation.ome.zarr,https://allencell.s3.amazonaws.com/aics/emt_timelapse_dataset/data/3500006350_40_H2B_nuclear_segmentation.ome.zarr,https://volumeviewer.allencell.org/viewer?url=https%3A%2F%2Fallencell.s3.amazonaws.com%2Faics%2Femt_timelapse_dataset%2Fdata%2F3500006350_40_H2B_nuclear_segmentation.ome.zarr,3,121,1848,1248,30,Apr 12 2024 14H58,ZSD-1,NA,Lot 3119527,3500006350_40,20x/0.80,0.271,0.271,2.88,2,3500006350,15,TRUE,histone H2B type 1-J,"https://volumeviewer.allencell.org/viewer?url=https%3A%2F%2Fallencell.s3.amazonaws.com%2Faics%2Femt_timelapse_dataset%2Fdata%2F3500006350_40_raw_converted.ome.zarr,https%3A%2F%2Fallencell.s3.amazonaws.com%2Faics%2Femt_timelapse_dataset%2Fdata%2F3500006350_40_all_cells_mask.ome.zarr,https%3A%2F%2Fallencell.s3.amazonaws.com%2Faics%2Femt_timelapse_dataset%2Fdata%2F3500006350_40_H2B_nuclear_segmentation.ome.zarr&t=24&mode=maxproject&c0=lut:0:autoij,ven:0&c1=lut:0:autoij,ven:1&c2=lut:0:autoij,ven:1,col:bd10e0&c3&c4",s3://allencell/aics/emt_timelapse_dataset/data/3500006350_40_raw_converted.ome.zarr,https://allencell.s3.amazonaws.com/aics/emt_timelapse_dataset/data/3500006350_40_raw_converted.ome.zarr,"https://volumeviewer.allencell.org/viewer?url=https%3A%2F%2Fallencell.s3.amazonaws.com%2Faics%2Femt_timelapse_dataset%2Fdata%2F3500006350_40_raw_converted.ome.zarr&t=24&mode=maxproject&c0=lut:0:autoij,ven:0&c1=lut:0:autoij,ven:1&c2=lut:0:autoij,ven:1,col:bd10e0",40,FALSE,heterochromatin,Apr 12 2024 14H31,30 minutes,,,2D 12H,,D6
3500006350_39_raw_converted,0.77mW,0.8mW,TRUE,TRUE,s3://allencell/aics/emt_timelapse_dataset/data/3500006350_39_all_cells_mask.ome.zarr,https://allencell.s3.amazonaws.com/aics/emt_timelapse_dataset/data/3500006350_39_all_cells_mask.ome.zarr,https://volumeviewer.allencell.org/viewer?url=https%3A%2F%2Fallencell.s3.amazonaws.com%2Faics%2Femt_timelapse_dataset%2Fdata%2F3500006350_39_all_cells_mask.ome.zarr,1x1,"[[ 1.00128540e+00 -3.89976729e-05 -1.63941323e+00]
 [ 3.89976729e-05  1.00128540e+00 -2.27474393e+00]
 [ 0.00000000e+00  0.00000000e+00  1.00000000e+00]]",AICS-0061,1,2,0,36,,,,,,Bright-field,mEGFP,CollagenIV,mTeSR ,,Mon Apr 08 2024,TCZYX,NA,None,,,,2D PLF colony growth,50ms,https://allencell.s3.amazonaws.com/aics/emt_timelapse_dataset/data/3500006350_39_raw_converted.ome.zarr,mEGFP,HIST1H2BJ,PLF (8.33ug/mL Fibronectin and 8.33ug/mL rhLaminin-521  and 0.08mg/mL Poly-D-Lysine),,,,3,121,1848,1248,30,Apr 12 2024 14H58,ZSD-1,NA,NA,3500006350_39,20x/0.80,0.271,0.271,2.88,2,3500006350,12,FALSE,histone H2B type 1-J,"https://volumeviewer.allencell.org/viewer?url=https%3A%2F%2Fallencell.s3.amazonaws.com%2Faics%2Femt_timelapse_dataset%2Fdata%2F3500006350_39_raw_converted.ome.zarr,https%3A%2F%2Fallencell.s3.amazonaws.com%2Faics%2Femt_timelapse_dataset%2Fdata%2F3500006350_39_all_cells_mask.ome.zarr&t=24&mode=maxproject&c0=lut:0:autoij,ven:0&c1=lut:0:autoij,ven:1&c2=lut:0:autoij,ven:1,col:bd10e0&c3",s3://allencell/aics/emt_timelapse_dataset/data/3500006350_39_raw_converted.ome.zarr,https://allencell.s3.amazonaws.com/aics/emt_timelapse_dataset/data/3500006350_39_raw_converted.ome.zarr,"https://volumeviewer.allencell.org/viewer?url=https%3A%2F%2Fallencell.s3.amazonaws.com%2Faics%2Femt_timelapse_dataset%2Fdata%2F3500006350_39_raw_converted.ome.zarr&t=24&mode=maxproject&c0=lut:0:autoij,ven:0&c1=lut:0:autoij,ven:1&c2=lut:0:autoij,ven:1,col:bd10e0",39,TRUE,heterochromatin,Apr 12 2024 14H31,30 minutes,,,2D 12H,,D5
3500006350_38_raw_converted,0.77mW,0.8mW,TRUE,TRUE,s3://allencell/aics/emt_timelapse_dataset/data/3500006350_38_all_cells_mask.ome.zarr,https://allencell.s3.amazonaws.com/aics/emt_timelapse_dataset/data/3500006350_38_all_cells_mask.ome.zarr,https://volumeviewer.allencell.org/viewer?url=https%3A%2F%2Fallencell.s3.amazonaws.com%2Faics%2Femt_timelapse_dataset%2Fdata%2F3500006350_38_all_cells_mask.ome.zarr,1x1,"[[ 1.00128540e+00 -3.89976729e-05 -1.63941323e+00]
 [ 3.89976729e-05  1.00128540e+00 -2.27474393e+00]
 [ 0.00000000e+00  0.00000000e+00  1.00000000e+00]]",AICS-0061,1,2,0,36,,,,,,Bright-field,mEGFP,CollagenIV,mTeSR ,,Mon Apr 08 2024,TCZYX,NA,None,,,,2D PLF colony growth,50ms,https://allencell.s3.amazonaws.com/aics/emt_timelapse_dataset/data/3500006350_38_raw_converted.ome.zarr,mEGFP,HIST1H2BJ,PLF (8.33ug/mL Fibronectin and 8.33ug/mL rhLaminin-521  and 0.08mg/mL Poly-D-Lysine),,,,3,121,1848,1248,30,Apr 12 2024 14H58,ZSD-1,NA,NA,3500006350_38,20x/0.80,0.271,0.271,2.88,2,3500006350,10,FALSE,histone H2B type 1-J,"https://volumeviewer.allencell.org/viewer?url=https%3A%2F%2Fallencell.s3.amazonaws.com%2Faics%2Femt_timelapse_dataset%2Fdata%2F3500006350_38_raw_converted.ome.zarr,https%3A%2F%2Fallencell.s3.amazonaws.com%2Faics%2Femt_timelapse_dataset%2Fdata%2F3500006350_38_all_cells_mask.ome.zarr&t=24&mode=maxproject&c0=lut:0:autoij,ven:0&c1=lut:0:autoij,ven:1&c2=lut:0:autoij,ven:1,col:bd10e0&c3",s3://allencell/aics/emt_timelapse_dataset/data/3500006350_38_raw_converted.ome.zarr,https://allencell.s3.amazonaws.com/aics/emt_timelapse_dataset/data/3500006350_38_raw_converted.ome.zarr,"https://volumeviewer.allencell.org/viewer?url=https%3A%2F%2Fallencell.s3.amazonaws.com%2Faics%2Femt_timelapse_dataset%2Fdata%2F3500006350_38_raw_converted.ome.zarr&t=24&mode=maxproject&c0=lut:0:autoij,ven:0&c1=lut:0:autoij,ven:1&c2=lut:0:autoij,ven:1,col:bd10e0",38,TRUE,heterochromatin,Apr 12 2024 14H31,30 minutes,,,2D 12H,,D5
3500006350_37_raw_converted,0.77mW,0.8mW,TRUE,TRUE,s3://allencell/aics/emt_timelapse_dataset/data/3500006350_37_all_cells_mask.ome.zarr,https://allencell.s3.amazonaws.com/aics/emt_timelapse_dataset/data/3500006350_37_all_cells_mask.ome.zarr,https://volumeviewer.allencell.org/viewer?url=https%3A%2F%2Fallencell.s3.amazonaws.com%2Faics%2Femt_timelapse_dataset%2Fdata%2F3500006350_37_all_cells_mask.ome.zarr,1x1,"[[ 1.00128540e+00 -3.89976729e-05 -1.63941323e+00]
 [ 3.89976729e-05  1.00128540e+00 -2.27474393e+00]
 [ 0.00000000e+00  0.00000000e+00  1.00000000e+00]]",AICS-0061,1,2,0,36,,,,,,Bright-field,mEGFP,CollagenIV,mTeSR ,,Mon Apr 08 2024,TCZYX,NA,None,,,,2D PLF colony growth,50ms,https://allencell.s3.amazonaws.com/aics/emt_timelapse_dataset/data/3500006350_37_raw_converted.ome.zarr,mEGFP,HIST1H2BJ,PLF (8.33ug/mL Fibronectin and 8.33ug/mL rhLaminin-521  and 0.08mg/mL Poly-D-Lysine),,,,3,121,1848,1248,30,Apr 12 2024 14H58,ZSD-1,NA,NA,3500006350_37,20x/0.80,0.271,0.271,2.88,2,3500006350,11,FALSE,histone H2B type 1-J,"https://volumeviewer.allencell.org/viewer?url=https%3A%2F%2Fallencell.s3.amazonaws.com%2Faics%2Femt_timelapse_dataset%2Fdata%2F3500006350_37_raw_converted.ome.zarr,https%3A%2F%2Fallencell.s3.amazonaws.com%2Faics%2Femt_timelapse_dataset%2Fdata%2F3500006350_37_all_cells_mask.ome.zarr&t=24&mode=maxproject&c0=lut:0:autoij,ven:0&c1=lut:0:autoij,ven:1&c2=lut:0:autoij,ven:1,col:bd10e0&c3",s3://allencell/aics/emt_timelapse_dataset/data/3500006350_37_raw_converted.ome.zarr,https://allencell.s3.amazonaws.com/aics/emt_timelapse_dataset/data/3500006350_37_raw_converted.ome.zarr,"https://volumeviewer.allencell.org/viewer?url=https%3A%2F%2Fallencell.s3.amazonaws.com%2Faics%2Femt_timelapse_dataset%2Fdata%2F3500006350_37_raw_converted.ome.zarr&t=24&mode=maxproject&c0=lut:0:autoij,ven:0&c1=lut:0:autoij,ven:1&c2=lut:0:autoij,ven:1,col:bd10e0",37,TRUE,heterochromatin,Apr 12 2024 14H31,30 minutes,,,2D 12H,,D5
3500006350_36_raw_converted,0.77mW,0.8mW,TRUE,TRUE,s3://allencell/aics/emt_timelapse_dataset/data/3500006350_36_all_cells_mask.ome.zarr,https://allencell.s3.amazonaws.com/aics/emt_timelapse_dataset/data/3500006350_36_all_cells_mask.ome.zarr,https://volumeviewer.allencell.org/viewer?url=https%3A%2F%2Fallencell.s3.amazonaws.com%2Faics%2Femt_timelapse_dataset%2Fdata%2F3500006350_36_all_cells_mask.ome.zarr,1x1,"[[ 1.00128540e+00 -3.89976729e-05 -1.63941323e+00]
 [ 3.89976729e-05  1.00128540e+00 -2.27474393e+00]
 [ 0.00000000e+00  0.00000000e+00  1.00000000e+00]]",AICS-0061,1,2,0,36,,,,,,Bright-field,mEGFP,CollagenIV,mTeSR ,,Mon Apr 08 2024,TCZYX,NA,None,,,,2D PLF colony growth,50ms,https://allencell.s3.amazonaws.com/aics/emt_timelapse_dataset/data/3500006350_36_raw_converted.ome.zarr,mEGFP,HIST1H2BJ,PLF (8.33ug/mL Fibronectin and 8.33ug/mL rhLaminin-521  and 0.08mg/mL Poly-D-Lysine),,,,3,121,1848,1248,30,Apr 12 2024 14H58,ZSD-1,NA,NA,3500006350_36,20x/0.80,0.271,0.271,2.88,2,3500006350,6,FALSE,histone H2B type 1-J,"https://volumeviewer.allencell.org/viewer?url=https%3A%2F%2Fallencell.s3.amazonaws.com%2Faics%2Femt_timelapse_dataset%2Fdata%2F3500006350_36_raw_converted.ome.zarr,https%3A%2F%2Fallencell.s3.amazonaws.com%2Faics%2Femt_timelapse_dataset%2Fdata%2F3500006350_36_all_cells_mask.ome.zarr&t=24&mode=maxproject&c0=lut:0:autoij,ven:0&c1=lut:0:autoij,ven:1&c2=lut:0:autoij,ven:1,col:bd10e0&c3",s3://allencell/aics/emt_timelapse_dataset/data/3500006350_36_raw_converted.ome.zarr,https://allencell.s3.amazonaws.com/aics/emt_timelapse_dataset/data/3500006350_36_raw_converted.ome.zarr,"https://volumeviewer.allencell.org/viewer?url=https%3A%2F%2Fallencell.s3.amazonaws.com%2Faics%2Femt_timelapse_dataset%2Fdata%2F3500006350_36_raw_converted.ome.zarr&t=24&mode=maxproject&c0=lut:0:autoij,ven:0&c1=lut:0:autoij,ven:1&c2=lut:0:autoij,ven:1,col:bd10e0",36,TRUE,heterochromatin,Apr 12 2024 14H31,30 minutes,,,2D 12H,,C5
3500006350_35_raw_converted,0.77mW,0.8mW,TRUE,TRUE,s3://allencell/aics/emt_timelapse_dataset/data/3500006350_35_all_cells_mask.ome.zarr,https://allencell.s3.amazonaws.com/aics/emt_timelapse_dataset/data/3500006350_35_all_cells_mask.ome.zarr,https://volumeviewer.allencell.org/viewer?url=https%3A%2F%2Fallencell.s3.amazonaws.com%2Faics%2Femt_timelapse_dataset%2Fdata%2F3500006350_35_all_cells_mask.ome.zarr,1x1,"[[ 1.00128540e+00 -3.89976729e-05 -1.63941323e+00]
 [ 3.89976729e-05  1.00128540e+00 -2.27474393e+00]
 [ 0.00000000e+00  0.00000000e+00  1.00000000e+00]]",AICS-0061,1,2,0,36,,,,,,Bright-field,mEGFP,CollagenIV,mTeSR ,,Mon Apr 08 2024,TCZYX,NA,None,,,,2D PLF colony growth,50ms,https://allencell.s3.amazonaws.com/aics/emt_timelapse_dataset/data/3500006350_35_raw_converted.ome.zarr,mEGFP,HIST1H2BJ,PLF (8.33ug/mL Fibronectin and 8.33ug/mL rhLaminin-521  and 0.08mg/mL Poly-D-Lysine),,,,3,121,1848,1248,30,Apr 12 2024 14H58,ZSD-1,NA,NA,3500006350_35,20x/0.80,0.271,0.271,2.88,2,3500006350,5,FALSE,histone H2B type 1-J,"https://volumeviewer.allencell.org/viewer?url=https%3A%2F%2Fallencell.s3.amazonaws.com%2Faics%2Femt_timelapse_dataset%2Fdata%2F3500006350_35_raw_converted.ome.zarr,https%3A%2F%2Fallencell.s3.amazonaws.com%2Faics%2Femt_timelapse_dataset%2Fdata%2F3500006350_35_all_cells_mask.ome.zarr&t=24&mode=maxproject&c0=lut:0:autoij,ven:0&c1=lut:0:autoij,ven:1&c2=lut:0:autoij,ven:1,col:bd10e0&c3",s3://allencell/aics/emt_timelapse_dataset/data/3500006350_35_raw_converted.ome.zarr,https://allencell.s3.amazonaws.com/aics/emt_timelapse_dataset/data/3500006350_35_raw_converted.ome.zarr,"https://volumeviewer.allencell.org/viewer?url=https%3A%2F%2Fallencell.s3.amazonaws.com%2Faics%2Femt_timelapse_dataset%2Fdata%2F3500006350_35_raw_converted.ome.zarr&t=24&mode=maxproject&c0=lut:0:autoij,ven:0&c1=lut:0:autoij,ven:1&c2=lut:0:autoij,ven:1,col:bd10e0",35,TRUE,heterochromatin,Apr 12 2024 14H31,30 minutes,,,2D 12H,,C5
3500006350_34_raw_converted,0.77mW,0.8mW,TRUE,TRUE,s3://allencell/aics/emt_timelapse_dataset/data/3500006350_34_all_cells_mask.ome.zarr,https://allencell.s3.amazonaws.com/aics/emt_timelapse_dataset/data/3500006350_34_all_cells_mask.ome.zarr,https://volumeviewer.allencell.org/viewer?url=https%3A%2F%2Fallencell.s3.amazonaws.com%2Faics%2Femt_timelapse_dataset%2Fdata%2F3500006350_34_all_cells_mask.ome.zarr,1x1,"[[ 1.00128540e+00 -3.89976729e-05 -1.63941323e+00]
 [ 3.89976729e-05  1.00128540e+00 -2.27474393e+00]
 [ 0.00000000e+00  0.00000000e+00  1.00000000e+00]]",AICS-0061,1,2,0,36,,,,,,Bright-field,mEGFP,CollagenIV,mTeSR ,,Mon Apr 08 2024,TCZYX,NA,None,,,,2D PLF colony growth,50ms,https://allencell.s3.amazonaws.com/aics/emt_timelapse_dataset/data/3500006350_34_raw_converted.ome.zarr,mEGFP,HIST1H2BJ,PLF (8.33ug/mL Fibronectin and 8.33ug/mL rhLaminin-521  and 0.08mg/mL Poly-D-Lysine),,,,3,121,1848,1248,30,Apr 12 2024 14H58,ZSD-1,NA,NA,3500006350_34,20x/0.80,0.271,0.271,2.88,2,3500006350,4,FALSE,histone H2B type 1-J,"https://volumeviewer.allencell.org/viewer?url=https%3A%2F%2Fallencell.s3.amazonaws.com%2Faics%2Femt_timelapse_dataset%2Fdata%2F3500006350_34_raw_converted.ome.zarr,https%3A%2F%2Fallencell.s3.amazonaws.com%2Faics%2Femt_timelapse_dataset%2Fdata%2F3500006350_34_all_cells_mask.ome.zarr&t=24&mode=maxproject&c0=lut:0:autoij,ven:0&c1=lut:0:autoij,ven:1&c2=lut:0:autoij,ven:1,col:bd10e0&c3",s3://allencell/aics/emt_timelapse_dataset/data/3500006350_34_raw_converted.ome.zarr,https://allencell.s3.amazonaws.com/aics/emt_timelapse_dataset/data/3500006350_34_raw_converted.ome.zarr,"https://volumeviewer.allencell.org/viewer?url=https%3A%2F%2Fallencell.s3.amazonaws.com%2Faics%2Femt_timelapse_dataset%2Fdata%2F3500006350_34_raw_converted.ome.zarr&t=24&mode=maxproject&c0=lut:0:autoij,ven:0&c1=lut:0:autoij,ven:1&c2=lut:0:autoij,ven:1,col:bd10e0",34,TRUE,heterochromatin,Apr 12 2024 14H31,30 minutes,,,2D 12H,,C5
3500006350_48_raw_converted,0.77mW,0.8mW,TRUE,TRUE,s3://allencell/aics/emt_timelapse_dataset/data/3500006350_48_all_cells_mask.ome.zarr,https://allencell.s3.amazonaws.com/aics/emt_timelapse_dataset/data/3500006350_48_all_cells_mask.ome.zarr,https://volumeviewer.allencell.org/viewer?url=https%3A%2F%2Fallencell.s3.amazonaws.com%2Faics%2Femt_timelapse_dataset%2Fdata%2F3500006350_48_all_cells_mask.ome.zarr,1x1,"[[ 1.00128540e+00 -3.89976729e-05 -1.63941323e+00]
 [ 3.89976729e-05  1.00128540e+00 -2.27474393e+00]
 [ 0.00000000e+00  0.00000000e+00  1.00000000e+00]]",AICS-0061,1,2,0,36,,,,,,Bright-field,mEGFP,CollagenIV,RPMI+B27 minus insulin ,,Mon Apr 08 2024,TCZYX,NA,5uM CHIR in culture media,,,,2D EMT no MG,50ms,https://allencell.s3.amazonaws.com/aics/emt_timelapse_dataset/data/3500006350_48_raw_converted.ome.zarr,mEGFP,HIST1H2BJ,Diluted Matrigel + DMEM/F12,,,,3,121,1848,1248,30,Apr 12 2024 14H58,ZSD-1,NA,Lot 3119527,3500006350_48,20x/0.80,0.271,0.271,2.88,2,3500006350,53,TRUE,histone H2B type 1-J,"https://volumeviewer.allencell.org/viewer?url=https%3A%2F%2Fallencell.s3.amazonaws.com%2Faics%2Femt_timelapse_dataset%2Fdata%2F3500006350_48_raw_converted.ome.zarr,https%3A%2F%2Fallencell.s3.amazonaws.com%2Faics%2Femt_timelapse_dataset%2Fdata%2F3500006350_48_all_cells_mask.ome.zarr&t=24&mode=maxproject&c0=lut:0:autoij,ven:0&c1=lut:0:autoij,ven:1&c2=lut:0:autoij,ven:1,col:bd10e0&c3",s3://allencell/aics/emt_timelapse_dataset/data/3500006350_48_raw_converted.ome.zarr,https://allencell.s3.amazonaws.com/aics/emt_timelapse_dataset/data/3500006350_48_raw_converted.ome.zarr,"https://volumeviewer.allencell.org/viewer?url=https%3A%2F%2Fallencell.s3.amazonaws.com%2Faics%2Femt_timelapse_dataset%2Fdata%2F3500006350_48_raw_converted.ome.zarr&t=24&mode=maxproject&c0=lut:0:autoij,ven:0&c1=lut:0:autoij,ven:1&c2=lut:0:autoij,ven:1,col:bd10e0",48,TRUE,heterochromatin,Apr 12 2024 14H31,30 minutes,,,2D 12H,Illustration of Figure 3,D10
3500006350_47_raw_converted,0.77mW,0.8mW,TRUE,TRUE,s3://allencell/aics/emt_timelapse_dataset/data/3500006350_47_all_cells_mask.ome.zarr,https://allencell.s3.amazonaws.com/aics/emt_timelapse_dataset/data/3500006350_47_all_cells_mask.ome.zarr,https://volumeviewer.allencell.org/viewer?url=https%3A%2F%2Fallencell.s3.amazonaws.com%2Faics%2Femt_timelapse_dataset%2Fdata%2F3500006350_47_all_cells_mask.ome.zarr,1x1,"[[ 1.00128540e+00 -3.89976729e-05 -1.63941323e+00]
 [ 3.89976729e-05  1.00128540e+00 -2.27474393e+00]
 [ 0.00000000e+00  0.00000000e+00  1.00000000e+00]]",AICS-0061,1,2,0,36,,,,,,Bright-field,mEGFP,CollagenIV,RPMI+B27 minus insulin ,,Mon Apr 08 2024,TCZYX,NA,5uM CHIR in culture media,,,,2D EMT no MG,50ms,https://allencell.s3.amazonaws.com/aics/emt_timelapse_dataset/data/3500006350_47_raw_converted.ome.zarr,mEGFP,HIST1H2BJ,Diluted Matrigel + DMEM/F12,,,,3,121,1848,1248,30,Apr 12 2024 14H58,ZSD-1,NA,Lot 3119527,3500006350_47,20x/0.80,0.271,0.271,2.88,2,3500006350,54,TRUE,histone H2B type 1-J,"https://volumeviewer.allencell.org/viewer?url=https%3A%2F%2Fallencell.s3.amazonaws.com%2Faics%2Femt_timelapse_dataset%2Fdata%2F3500006350_47_raw_converted.ome.zarr,https%3A%2F%2Fallencell.s3.amazonaws.com%2Faics%2Femt_timelapse_dataset%2Fdata%2F3500006350_47_all_cells_mask.ome.zarr&t=24&mode=maxproject&c0=lut:0:autoij,ven:0&c1=lut:0:autoij,ven:1&c2=lut:0:autoij,ven:1,col:bd10e0&c3",s3://allencell/aics/emt_timelapse_dataset/data/3500006350_47_raw_converted.ome.zarr,https://allencell.s3.amazonaws.com/aics/emt_timelapse_dataset/data/3500006350_47_raw_converted.ome.zarr,"https://volumeviewer.allencell.org/viewer?url=https%3A%2F%2Fallencell.s3.amazonaws.com%2Faics%2Femt_timelapse_dataset%2Fdata%2F3500006350_47_raw_converted.ome.zarr&t=24&mode=maxproject&c0=lut:0:autoij,ven:0&c1=lut:0:autoij,ven:1&c2=lut:0:autoij,ven:1,col:bd10e0",47,TRUE,heterochromatin,Apr 12 2024 14H31,30 minutes,,,2D 12H,,D10
3500006350_46_raw_converted,0.77mW,0.8mW,TRUE,TRUE,s3://allencell/aics/emt_timelapse_dataset/data/3500006350_46_all_cells_mask.ome.zarr,https://allencell.s3.amazonaws.com/aics/emt_timelapse_dataset/data/3500006350_46_all_cells_mask.ome.zarr,https://volumeviewer.allencell.org/viewer?url=https%3A%2F%2Fallencell.s3.amazonaws.com%2Faics%2Femt_timelapse_dataset%2Fdata%2F3500006350_46_all_cells_mask.ome.zarr,1x1,"[[ 1.00128540e+00 -3.89976729e-05 -1.63941323e+00]
 [ 3.89976729e-05  1.00128540e+00 -2.27474393e+00]
 [ 0.00000000e+00  0.00000000e+00  1.00000000e+00]]",AICS-0061,1,2,0,36,,,,,,Bright-field,mEGFP,CollagenIV,RPMI+B27 minus insulin ,,Mon Apr 08 2024,TCZYX,NA,5uM CHIR in culture media,,,,2D EMT no MG,50ms,https://allencell.s3.amazonaws.com/aics/emt_timelapse_dataset/data/3500006350_46_raw_converted.ome.zarr,mEGFP,HIST1H2BJ,Diluted Matrigel + DMEM/F12,,,,3,121,1848,1248,30,Apr 12 2024 14H58,ZSD-1,NA,Lot 3119527,3500006350_46,20x/0.80,0.271,0.271,2.88,2,3500006350,52,TRUE,histone H2B type 1-J,"https://volumeviewer.allencell.org/viewer?url=https%3A%2F%2Fallencell.s3.amazonaws.com%2Faics%2Femt_timelapse_dataset%2Fdata%2F3500006350_46_raw_converted.ome.zarr,https%3A%2F%2Fallencell.s3.amazonaws.com%2Faics%2Femt_timelapse_dataset%2Fdata%2F3500006350_46_all_cells_mask.ome.zarr&t=24&mode=maxproject&c0=lut:0:autoij,ven:0&c1=lut:0:autoij,ven:1&c2=lut:0:autoij,ven:1,col:bd10e0&c3",s3://allencell/aics/emt_timelapse_dataset/data/3500006350_46_raw_converted.ome.zarr,https://allencell.s3.amazonaws.com/aics/emt_timelapse_dataset/data/3500006350_46_raw_converted.ome.zarr,"https://volumeviewer.allencell.org/viewer?url=https%3A%2F%2Fallencell.s3.amazonaws.com%2Faics%2Femt_timelapse_dataset%2Fdata%2F3500006350_46_raw_converted.ome.zarr&t=24&mode=maxproject&c0=lut:0:autoij,ven:0&c1=lut:0:autoij,ven:1&c2=lut:0:autoij,ven:1,col:bd10e0",46,TRUE,heterochromatin,Apr 12 2024 14H31,30 minutes,,,2D 12H,,D10
3500005548_26_raw_converted,0.77mW,0.8mW,TRUE,TRUE,s3://allencell/aics/emt_timelapse_dataset/data/3500005548_26_all_cells_mask.ome.zarr,https://allencell.s3.amazonaws.com/aics/emt_timelapse_dataset/data/3500005548_26_all_cells_mask.ome.zarr,https://volumeviewer.allencell.org/viewer?url=https%3A%2F%2Fallencell.s3.amazonaws.com%2Faics%2Femt_timelapse_dataset%2Fdata%2F3500005548_26_all_cells_mask.ome.zarr,1x1,"[[ 9.98594556e-01 -1.30508594e-03  1.70856939e+00]
 [ 1.30508594e-03  9.98594556e-01  3.18139263e+00]
 [ 0.00000000e+00  0.00000000e+00  1.00000000e+00]]",AICS-0061,1,2,0,36,,,,,,Bright-field,mEGFP,CollagenIV,RPMI+B27 minus insulin ,,Mon Oct 23 2023,TCZYX,Matrigel at 1:60 in culture media,5uM CHIR in culture media,,,,2D PLF colony EMT,50ms,https://allencell.s3.amazonaws.com/aics/emt_timelapse_dataset/data/3500005548_26_raw_converted.ome.zarr,mEGFP,HIST1H2BJ,PLF (8.33ug/mL Fibronectin and 8.33ug/mL rhLaminin-521  and 0.08mg/mL Poly-D-Lysine),s3://allencell/aics/emt_timelapse_dataset/data/3500005548_26_H2B_nuclear_segmentation.ome.zarr,https://allencell.s3.amazonaws.com/aics/emt_timelapse_dataset/data/3500005548_26_H2B_nuclear_segmentation.ome.zarr,https://volumeviewer.allencell.org/viewer?url=https%3A%2F%2Fallencell.s3.amazonaws.com%2Faics%2Femt_timelapse_dataset%2Fdata%2F3500005548_26_H2B_nuclear_segmentation.ome.zarr,3,121,1848,1248,30,Oct 27 2023  13H34,ZSD-1,NA,Lot 118001 ,3500005548_26,20x/0.80,0.271,0.271,2.88,2,3500005548,25,TRUE,histone H2B type 1-J,"https://volumeviewer.allencell.org/viewer?url=https%3A%2F%2Fallencell.s3.amazonaws.com%2Faics%2Femt_timelapse_dataset%2Fdata%2F3500005548_26_raw_converted.ome.zarr,https%3A%2F%2Fallencell.s3.amazonaws.com%2Faics%2Femt_timelapse_dataset%2Fdata%2F3500005548_26_all_cells_mask.ome.zarr,https%3A%2F%2Fallencell.s3.amazonaws.com%2Faics%2Femt_timelapse_dataset%2Fdata%2F3500005548_26_H2B_nuclear_segmentation.ome.zarr&t=24&mode=maxproject&c0=lut:0:autoij,ven:0&c1=lut:0:autoij,ven:1&c2=lut:0:autoij,ven:1,col:bd10e0&c3&c4",s3://allencell/aics/emt_timelapse_dataset/data/3500005548_26_raw_converted.ome.zarr,https://allencell.s3.amazonaws.com/aics/emt_timelapse_dataset/data/3500005548_26_raw_converted.ome.zarr,"https://volumeviewer.allencell.org/viewer?url=https%3A%2F%2Fallencell.s3.amazonaws.com%2Faics%2Femt_timelapse_dataset%2Fdata%2F3500005548_26_raw_converted.ome.zarr&t=24&mode=maxproject&c0=lut:0:autoij,ven:0&c1=lut:0:autoij,ven:1&c2=lut:0:autoij,ven:1,col:bd10e0",26,TRUE,heterochromatin,Oct 27 2023 13H04,30 minutes,,,2D 12H,Plotting,D4
3500005548_25_raw_converted,0.77mW,0.8mW,TRUE,TRUE,s3://allencell/aics/emt_timelapse_dataset/data/3500005548_25_all_cells_mask.ome.zarr,https://allencell.s3.amazonaws.com/aics/emt_timelapse_dataset/data/3500005548_25_all_cells_mask.ome.zarr,https://volumeviewer.allencell.org/viewer?url=https%3A%2F%2Fallencell.s3.amazonaws.com%2Faics%2Femt_timelapse_dataset%2Fdata%2F3500005548_25_all_cells_mask.ome.zarr,1x1,"[[ 9.98594556e-01 -1.30508594e-03  1.70856939e+00]
 [ 1.30508594e-03  9.98594556e-01  3.18139263e+00]
 [ 0.00000000e+00  0.00000000e+00  1.00000000e+00]]",AICS-0061,1,2,0,36,,,,,,Bright-field,mEGFP,CollagenIV,RPMI+B27 minus insulin ,,Mon Oct 23 2023,TCZYX,Matrigel at 1:60 in culture media,5uM CHIR in culture media,,,,2D PLF colony EMT,50ms,https://allencell.s3.amazonaws.com/aics/emt_timelapse_dataset/data/3500005548_25_raw_converted.ome.zarr,mEGFP,HIST1H2BJ,PLF (8.33ug/mL Fibronectin and 8.33ug/mL rhLaminin-521  and 0.08mg/mL Poly-D-Lysine),s3://allencell/aics/emt_timelapse_dataset/data/3500005548_25_H2B_nuclear_segmentation.ome.zarr,https://allencell.s3.amazonaws.com/aics/emt_timelapse_dataset/data/3500005548_25_H2B_nuclear_segmentation.ome.zarr,https://volumeviewer.allencell.org/viewer?url=https%3A%2F%2Fallencell.s3.amazonaws.com%2Faics%2Femt_timelapse_dataset%2Fdata%2F3500005548_25_H2B_nuclear_segmentation.ome.zarr,3,121,1848,1248,30,Oct 27 2023  13H34,ZSD-1,NA,Lot 118001 ,3500005548_25,20x/0.80,0.271,0.271,2.88,2,3500005548,26,TRUE,histone H2B type 1-J,"https://volumeviewer.allencell.org/viewer?url=https%3A%2F%2Fallencell.s3.amazonaws.com%2Faics%2Femt_timelapse_dataset%2Fdata%2F3500005548_25_raw_converted.ome.zarr,https%3A%2F%2Fallencell.s3.amazonaws.com%2Faics%2Femt_timelapse_dataset%2Fdata%2F3500005548_25_all_cells_mask.ome.zarr,https%3A%2F%2Fallencell.s3.amazonaws.com%2Faics%2Femt_timelapse_dataset%2Fdata%2F3500005548_25_H2B_nuclear_segmentation.ome.zarr&t=24&mode=maxproject&c0=lut:0:autoij,ven:0&c1=lut:0:autoij,ven:1&c2=lut:0:autoij,ven:1,col:bd10e0&c3&c4",s3://allencell/aics/emt_timelapse_dataset/data/3500005548_25_raw_converted.ome.zarr,https://allencell.s3.amazonaws.com/aics/emt_timelapse_dataset/data/3500005548_25_raw_converted.ome.zarr,"https://volumeviewer.allencell.org/viewer?url=https%3A%2F%2Fallencell.s3.amazonaws.com%2Faics%2Femt_timelapse_dataset%2Fdata%2F3500005548_25_raw_converted.ome.zarr&t=24&mode=maxproject&c0=lut:0:autoij,ven:0&c1=lut:0:autoij,ven:1&c2=lut:0:autoij,ven:1,col:bd10e0",25,TRUE,heterochromatin,Oct 27 2023 13H04,30 minutes,,,2D 12H,Plotting,D4
3500005548_27_raw_converted,0.77mW,0.8mW,TRUE,TRUE,s3://allencell/aics/emt_timelapse_dataset/data/3500005548_27_all_cells_mask.ome.zarr,https://allencell.s3.amazonaws.com/aics/emt_timelapse_dataset/data/3500005548_27_all_cells_mask.ome.zarr,https://volumeviewer.allencell.org/viewer?url=https%3A%2F%2Fallencell.s3.amazonaws.com%2Faics%2Femt_timelapse_dataset%2Fdata%2F3500005548_27_all_cells_mask.ome.zarr,1x1,"[[ 9.98594556e-01 -1.30508594e-03  1.70856939e+00]
 [ 1.30508594e-03  9.98594556e-01  3.18139263e+00]
 [ 0.00000000e+00  0.00000000e+00  1.00000000e+00]]",AICS-0061,1,2,0,36,,,,,,Bright-field,mEGFP,CollagenIV,RPMI+B27 minus insulin ,,Mon Oct 23 2023,TCZYX,Matrigel at 1:60 in culture media,5uM CHIR in culture media,,,,2D PLF colony EMT,50ms,https://allencell.s3.amazonaws.com/aics/emt_timelapse_dataset/data/3500005548_27_raw_converted.ome.zarr,mEGFP,HIST1H2BJ,PLF (8.33ug/mL Fibronectin and 8.33ug/mL rhLaminin-521  and 0.08mg/mL Poly-D-Lysine),s3://allencell/aics/emt_timelapse_dataset/data/3500005548_27_H2B_nuclear_segmentation.ome.zarr,https://allencell.s3.amazonaws.com/aics/emt_timelapse_dataset/data/3500005548_27_H2B_nuclear_segmentation.ome.zarr,https://volumeviewer.allencell.org/viewer?url=https%3A%2F%2Fallencell.s3.amazonaws.com%2Faics%2Femt_timelapse_dataset%2Fdata%2F3500005548_27_H2B_nuclear_segmentation.ome.zarr,3,121,1848,1248,30,Oct 27 2023  13H34,ZSD-1,NA,Lot 118001 ,3500005548_27,20x/0.80,0.271,0.271,2.88,2,3500005548,27,TRUE,histone H2B type 1-J,"https://volumeviewer.allencell.org/viewer?url=https%3A%2F%2Fallencell.s3.amazonaws.com%2Faics%2Femt_timelapse_dataset%2Fdata%2F3500005548_27_raw_converted.ome.zarr,https%3A%2F%2Fallencell.s3.amazonaws.com%2Faics%2Femt_timelapse_dataset%2Fdata%2F3500005548_27_all_cells_mask.ome.zarr,https%3A%2F%2Fallencell.s3.amazonaws.com%2Faics%2Femt_timelapse_dataset%2Fdata%2F3500005548_27_H2B_nuclear_segmentation.ome.zarr&t=24&mode=maxproject&c0=lut:0:autoij,ven:0&c1=lut:0:autoij,ven:1&c2=lut:0:autoij,ven:1,col:bd10e0&c3&c4",s3://allencell/aics/emt_timelapse_dataset/data/3500005548_27_raw_converted.ome.zarr,https://allencell.s3.amazonaws.com/aics/emt_timelapse_dataset/data/3500005548_27_raw_converted.ome.zarr,"https://volumeviewer.allencell.org/viewer?url=https%3A%2F%2Fallencell.s3.amazonaws.com%2Faics%2Femt_timelapse_dataset%2Fdata%2F3500005548_27_raw_converted.ome.zarr&t=24&mode=maxproject&c0=lut:0:autoij,ven:0&c1=lut:0:autoij,ven:1&c2=lut:0:autoij,ven:1,col:bd10e0",27,TRUE,heterochromatin,Oct 27 2023 13H04,30 minutes,,,2D 12H,Plotting,D4
3500005548_29_raw_converted,0.77mW,0.8mW,TRUE,TRUE,s3://allencell/aics/emt_timelapse_dataset/data/3500005548_29_all_cells_mask.ome.zarr,https://allencell.s3.amazonaws.com/aics/emt_timelapse_dataset/data/3500005548_29_all_cells_mask.ome.zarr,https://volumeviewer.allencell.org/viewer?url=https%3A%2F%2Fallencell.s3.amazonaws.com%2Faics%2Femt_timelapse_dataset%2Fdata%2F3500005548_29_all_cells_mask.ome.zarr,1x1,"[[ 9.98594556e-01 -1.30508594e-03  1.70856939e+00]
 [ 1.30508594e-03  9.98594556e-01  3.18139263e+00]
 [ 0.00000000e+00  0.00000000e+00  1.00000000e+00]]",AICS-0061,1,2,0,36,,,,,,Bright-field,mEGFP,CollagenIV,RPMI+B27 minus insulin ,,Mon Oct 23 2023,TCZYX,Matrigel at 1:60 in culture media,5uM CHIR in culture media,,,,2D PLF colony EMT,50ms,https://allencell.s3.amazonaws.com/aics/emt_timelapse_dataset/data/3500005548_29_raw_converted.ome.zarr,mEGFP,HIST1H2BJ,PLF (8.33ug/mL Fibronectin and 8.33ug/mL rhLaminin-521  and 0.08mg/mL Poly-D-Lysine),s3://allencell/aics/emt_timelapse_dataset/data/3500005548_29_H2B_nuclear_segmentation.ome.zarr,https://allencell.s3.amazonaws.com/aics/emt_timelapse_dataset/data/3500005548_29_H2B_nuclear_segmentation.ome.zarr,https://volumeviewer.allencell.org/viewer?url=https%3A%2F%2Fallencell.s3.amazonaws.com%2Faics%2Femt_timelapse_dataset%2Fdata%2F3500005548_29_H2B_nuclear_segmentation.ome.zarr,3,121,1848,1248,30,Oct 27 2023  13H34,ZSD-1,NA,Lot 118001 ,3500005548_29,20x/0.80,0.271,0.271,2.88,2,3500005548,28,TRUE,histone H2B type 1-J,"https://volumeviewer.allencell.org/viewer?url=https%3A%2F%2Fallencell.s3.amazonaws.com%2Faics%2Femt_timelapse_dataset%2Fdata%2F3500005548_29_raw_converted.ome.zarr,https%3A%2F%2Fallencell.s3.amazonaws.com%2Faics%2Femt_timelapse_dataset%2Fdata%2F3500005548_29_all_cells_mask.ome.zarr,https%3A%2F%2Fallencell.s3.amazonaws.com%2Faics%2Femt_timelapse_dataset%2Fdata%2F3500005548_29_H2B_nuclear_segmentation.ome.zarr&t=24&mode=maxproject&c0=lut:0:autoij,ven:0&c1=lut:0:autoij,ven:1&c2=lut:0:autoij,ven:1,col:bd10e0&c3&c4",s3://allencell/aics/emt_timelapse_dataset/data/3500005548_29_raw_converted.ome.zarr,https://allencell.s3.amazonaws.com/aics/emt_timelapse_dataset/data/3500005548_29_raw_converted.ome.zarr,"https://volumeviewer.allencell.org/viewer?url=https%3A%2F%2Fallencell.s3.amazonaws.com%2Faics%2Femt_timelapse_dataset%2Fdata%2F3500005548_29_raw_converted.ome.zarr&t=24&mode=maxproject&c0=lut:0:autoij,ven:0&c1=lut:0:autoij,ven:1&c2=lut:0:autoij,ven:1,col:bd10e0",29,TRUE,heterochromatin,Oct 27 2023 13H04,30 minutes,,,2D 12H,Plotting,D6
3500005548_28_raw_converted,0.77mW,0.8mW,TRUE,TRUE,s3://allencell/aics/emt_timelapse_dataset/data/3500005548_28_all_cells_mask.ome.zarr,https://allencell.s3.amazonaws.com/aics/emt_timelapse_dataset/data/3500005548_28_all_cells_mask.ome.zarr,https://volumeviewer.allencell.org/viewer?url=https%3A%2F%2Fallencell.s3.amazonaws.com%2Faics%2Femt_timelapse_dataset%2Fdata%2F3500005548_28_all_cells_mask.ome.zarr,1x1,"[[ 9.98594556e-01 -1.30508594e-03  1.70856939e+00]
 [ 1.30508594e-03  9.98594556e-01  3.18139263e+00]
 [ 0.00000000e+00  0.00000000e+00  1.00000000e+00]]",AICS-0061,1,2,0,36,,,,,,Bright-field,mEGFP,CollagenIV,RPMI+B27 minus insulin ,,Mon Oct 23 2023,TCZYX,Matrigel at 1:60 in culture media,5uM CHIR in culture media,,,,2D PLF colony EMT,50ms,https://allencell.s3.amazonaws.com/aics/emt_timelapse_dataset/data/3500005548_28_raw_converted.ome.zarr,mEGFP,HIST1H2BJ,PLF (8.33ug/mL Fibronectin and 8.33ug/mL rhLaminin-521  and 0.08mg/mL Poly-D-Lysine),s3://allencell/aics/emt_timelapse_dataset/data/3500005548_28_H2B_nuclear_segmentation.ome.zarr,https://allencell.s3.amazonaws.com/aics/emt_timelapse_dataset/data/3500005548_28_H2B_nuclear_segmentation.ome.zarr,https://volumeviewer.allencell.org/viewer?url=https%3A%2F%2Fallencell.s3.amazonaws.com%2Faics%2Femt_timelapse_dataset%2Fdata%2F3500005548_28_H2B_nuclear_segmentation.ome.zarr,3,121,1848,1248,30,Oct 27 2023  13H34,ZSD-1,NA,Lot 118001 ,3500005548_28,20x/0.80,0.271,0.271,2.88,2,3500005548,29,TRUE,histone H2B type 1-J,"https://volumeviewer.allencell.org/viewer?url=https%3A%2F%2Fallencell.s3.amazonaws.com%2Faics%2Femt_timelapse_dataset%2Fdata%2F3500005548_28_raw_converted.ome.zarr,https%3A%2F%2Fallencell.s3.amazonaws.com%2Faics%2Femt_timelapse_dataset%2Fdata%2F3500005548_28_all_cells_mask.ome.zarr,https%3A%2F%2Fallencell.s3.amazonaws.com%2Faics%2Femt_timelapse_dataset%2Fdata%2F3500005548_28_H2B_nuclear_segmentation.ome.zarr&t=24&mode=maxproject&c0=lut:0:autoij,ven:0&c1=lut:0:autoij,ven:1&c2=lut:0:autoij,ven:1,col:bd10e0&c3&c4",s3://allencell/aics/emt_timelapse_dataset/data/3500005548_28_raw_converted.ome.zarr,https://allencell.s3.amazonaws.com/aics/emt_timelapse_dataset/data/3500005548_28_raw_converted.ome.zarr,"https://volumeviewer.allencell.org/viewer?url=https%3A%2F%2Fallencell.s3.amazonaws.com%2Faics%2Femt_timelapse_dataset%2Fdata%2F3500005548_28_raw_converted.ome.zarr&t=24&mode=maxproject&c0=lut:0:autoij,ven:0&c1=lut:0:autoij,ven:1&c2=lut:0:autoij,ven:1,col:bd10e0",28,TRUE,heterochromatin,Oct 27 2023 13H04,30 minutes,,,2D 12H,Plotting,D6
3500005548_30_raw_converted,0.77mW,0.8mW,TRUE,TRUE,s3://allencell/aics/emt_timelapse_dataset/data/3500005548_30_all_cells_mask.ome.zarr,https://allencell.s3.amazonaws.com/aics/emt_timelapse_dataset/data/3500005548_30_all_cells_mask.ome.zarr,https://volumeviewer.allencell.org/viewer?url=https%3A%2F%2Fallencell.s3.amazonaws.com%2Faics%2Femt_timelapse_dataset%2Fdata%2F3500005548_30_all_cells_mask.ome.zarr,1x1,"[[ 9.98594556e-01 -1.30508594e-03  1.70856939e+00]
 [ 1.30508594e-03  9.98594556e-01  3.18139263e+00]
 [ 0.00000000e+00  0.00000000e+00  1.00000000e+00]]",AICS-0061,1,2,0,36,,,,,,Bright-field,mEGFP,CollagenIV,RPMI+B27 minus insulin ,,Mon Oct 23 2023,TCZYX,Matrigel at 1:60 in culture media,5uM CHIR in culture media,,,,2D PLF colony EMT,50ms,https://allencell.s3.amazonaws.com/aics/emt_timelapse_dataset/data/3500005548_30_raw_converted.ome.zarr,mEGFP,HIST1H2BJ,PLF (8.33ug/mL Fibronectin and 8.33ug/mL rhLaminin-521  and 0.08mg/mL Poly-D-Lysine),s3://allencell/aics/emt_timelapse_dataset/data/3500005548_30_H2B_nuclear_segmentation.ome.zarr,https://allencell.s3.amazonaws.com/aics/emt_timelapse_dataset/data/3500005548_30_H2B_nuclear_segmentation.ome.zarr,https://volumeviewer.allencell.org/viewer?url=https%3A%2F%2Fallencell.s3.amazonaws.com%2Faics%2Femt_timelapse_dataset%2Fdata%2F3500005548_30_H2B_nuclear_segmentation.ome.zarr,3,121,1848,1248,30,Oct 27 2023  13H34,ZSD-1,NA,Lot 118001 ,3500005548_30,20x/0.80,0.271,0.271,2.88,2,3500005548,30,TRUE,histone H2B type 1-J,"https://volumeviewer.allencell.org/viewer?url=https%3A%2F%2Fallencell.s3.amazonaws.com%2Faics%2Femt_timelapse_dataset%2Fdata%2F3500005548_30_raw_converted.ome.zarr,https%3A%2F%2Fallencell.s3.amazonaws.com%2Faics%2Femt_timelapse_dataset%2Fdata%2F3500005548_30_all_cells_mask.ome.zarr,https%3A%2F%2Fallencell.s3.amazonaws.com%2Faics%2Femt_timelapse_dataset%2Fdata%2F3500005548_30_H2B_nuclear_segmentation.ome.zarr&t=24&mode=maxproject&c0=lut:0:autoij,ven:0&c1=lut:0:autoij,ven:1&c2=lut:0:autoij,ven:1,col:bd10e0&c3&c4",s3://allencell/aics/emt_timelapse_dataset/data/3500005548_30_raw_converted.ome.zarr,https://allencell.s3.amazonaws.com/aics/emt_timelapse_dataset/data/3500005548_30_raw_converted.ome.zarr,"https://volumeviewer.allencell.org/viewer?url=https%3A%2F%2Fallencell.s3.amazonaws.com%2Faics%2Femt_timelapse_dataset%2Fdata%2F3500005548_30_raw_converted.ome.zarr&t=24&mode=maxproject&c0=lut:0:autoij,ven:0&c1=lut:0:autoij,ven:1&c2=lut:0:autoij,ven:1,col:bd10e0",30,TRUE,heterochromatin,Oct 27 2023 13H04,30 minutes,,,2D 12H,Plotting,D6
3500005548_33_raw_converted,0.77mW,0.8mW,TRUE,TRUE,s3://allencell/aics/emt_timelapse_dataset/data/3500005548_33_all_cells_mask.ome.zarr,https://allencell.s3.amazonaws.com/aics/emt_timelapse_dataset/data/3500005548_33_all_cells_mask.ome.zarr,https://volumeviewer.allencell.org/viewer?url=https%3A%2F%2Fallencell.s3.amazonaws.com%2Faics%2Femt_timelapse_dataset%2Fdata%2F3500005548_33_all_cells_mask.ome.zarr,1x1,"[[ 9.98594556e-01 -1.30508594e-03  1.70856939e+00]
 [ 1.30508594e-03  9.98594556e-01  3.18139263e+00]
 [ 0.00000000e+00  0.00000000e+00  1.00000000e+00]]",AICS-0061,1,2,0,36,,,,,,Bright-field,mEGFP,CollagenIV,RPMI+B27 minus insulin ,,Mon Oct 23 2023,TCZYX,Matrigel at 1:60 in culture media,5uM CHIR in culture media,,,,2D colony EMT,50ms,https://allencell.s3.amazonaws.com/aics/emt_timelapse_dataset/data/3500005548_33_raw_converted.ome.zarr,mEGFP,HIST1H2BJ,Diluted Matrigel + DMEM/F12,s3://allencell/aics/emt_timelapse_dataset/data/3500005548_33_H2B_nuclear_segmentation.ome.zarr,https://allencell.s3.amazonaws.com/aics/emt_timelapse_dataset/data/3500005548_33_H2B_nuclear_segmentation.ome.zarr,https://volumeviewer.allencell.org/viewer?url=https%3A%2F%2Fallencell.s3.amazonaws.com%2Faics%2Femt_timelapse_dataset%2Fdata%2F3500005548_33_H2B_nuclear_segmentation.ome.zarr,3,121,1848,1248,30,Oct 27 2023  13H34,ZSD-1,NA,Lot 118001 ,3500005548_33,20x/0.80,0.271,0.271,2.88,2,3500005548,31,TRUE,histone H2B type 1-J,"https://volumeviewer.allencell.org/viewer?url=https%3A%2F%2Fallencell.s3.amazonaws.com%2Faics%2Femt_timelapse_dataset%2Fdata%2F3500005548_33_raw_converted.ome.zarr,https%3A%2F%2Fallencell.s3.amazonaws.com%2Faics%2Femt_timelapse_dataset%2Fdata%2F3500005548_33_all_cells_mask.ome.zarr,https%3A%2F%2Fallencell.s3.amazonaws.com%2Faics%2Femt_timelapse_dataset%2Fdata%2F3500005548_33_H2B_nuclear_segmentation.ome.zarr&t=24&mode=maxproject&c0=lut:0:autoij,ven:0&c1=lut:0:autoij,ven:1&c2=lut:0:autoij,ven:1,col:bd10e0&c3&c4",s3://allencell/aics/emt_timelapse_dataset/data/3500005548_33_raw_converted.ome.zarr,https://allencell.s3.amazonaws.com/aics/emt_timelapse_dataset/data/3500005548_33_raw_converted.ome.zarr,"https://volumeviewer.allencell.org/viewer?url=https%3A%2F%2Fallencell.s3.amazonaws.com%2Faics%2Femt_timelapse_dataset%2Fdata%2F3500005548_33_raw_converted.ome.zarr&t=24&mode=maxproject&c0=lut:0:autoij,ven:0&c1=lut:0:autoij,ven:1&c2=lut:0:autoij,ven:1,col:bd10e0",33,TRUE,heterochromatin,Oct 27 2023 13H04,30 minutes,,,2D 12H,Plotting,D8
3500005548_34_raw_converted,0.77mW,0.8mW,TRUE,TRUE,s3://allencell/aics/emt_timelapse_dataset/data/3500005548_34_all_cells_mask.ome.zarr,https://allencell.s3.amazonaws.com/aics/emt_timelapse_dataset/data/3500005548_34_all_cells_mask.ome.zarr,https://volumeviewer.allencell.org/viewer?url=https%3A%2F%2Fallencell.s3.amazonaws.com%2Faics%2Femt_timelapse_dataset%2Fdata%2F3500005548_34_all_cells_mask.ome.zarr,1x1,"[[ 9.98594556e-01 -1.30508594e-03  1.70856939e+00]
 [ 1.30508594e-03  9.98594556e-01  3.18139263e+00]
 [ 0.00000000e+00  0.00000000e+00  1.00000000e+00]]",AICS-0061,1,2,0,36,,,,,,Bright-field,mEGFP,CollagenIV,RPMI+B27 minus insulin ,,Mon Oct 23 2023,TCZYX,Matrigel at 1:60 in culture media,5uM CHIR in culture media,,,,2D colony EMT,50ms,https://allencell.s3.amazonaws.com/aics/emt_timelapse_dataset/data/3500005548_34_raw_converted.ome.zarr,mEGFP,HIST1H2BJ,Diluted Matrigel + DMEM/F12,s3://allencell/aics/emt_timelapse_dataset/data/3500005548_34_H2B_nuclear_segmentation.ome.zarr,https://allencell.s3.amazonaws.com/aics/emt_timelapse_dataset/data/3500005548_34_H2B_nuclear_segmentation.ome.zarr,https://volumeviewer.allencell.org/viewer?url=https%3A%2F%2Fallencell.s3.amazonaws.com%2Faics%2Femt_timelapse_dataset%2Fdata%2F3500005548_34_H2B_nuclear_segmentation.ome.zarr,3,121,1848,1248,30,Oct 27 2023  13H34,ZSD-1,NA,Lot 118001 ,3500005548_34,20x/0.80,0.271,0.271,2.88,2,3500005548,34,TRUE,histone H2B type 1-J,"https://volumeviewer.allencell.org/viewer?url=https%3A%2F%2Fallencell.s3.amazonaws.com%2Faics%2Femt_timelapse_dataset%2Fdata%2F3500005548_34_raw_converted.ome.zarr,https%3A%2F%2Fallencell.s3.amazonaws.com%2Faics%2Femt_timelapse_dataset%2Fdata%2F3500005548_34_all_cells_mask.ome.zarr,https%3A%2F%2Fallencell.s3.amazonaws.com%2Faics%2Femt_timelapse_dataset%2Fdata%2F3500005548_34_H2B_nuclear_segmentation.ome.zarr&t=24&mode=maxproject&c0=lut:0:autoij,ven:0&c1=lut:0:autoij,ven:1&c2=lut:0:autoij,ven:1,col:bd10e0&c3&c4",s3://allencell/aics/emt_timelapse_dataset/data/3500005548_34_raw_converted.ome.zarr,https://allencell.s3.amazonaws.com/aics/emt_timelapse_dataset/data/3500005548_34_raw_converted.ome.zarr,"https://volumeviewer.allencell.org/viewer?url=https%3A%2F%2Fallencell.s3.amazonaws.com%2Faics%2Femt_timelapse_dataset%2Fdata%2F3500005548_34_raw_converted.ome.zarr&t=24&mode=maxproject&c0=lut:0:autoij,ven:0&c1=lut:0:autoij,ven:1&c2=lut:0:autoij,ven:1,col:bd10e0",34,TRUE,heterochromatin,Oct 27 2023 13H04,30 minutes,,,2D 12H,Plotting,D9
3500005548_35_raw_converted,0.77mW,0.8mW,TRUE,TRUE,s3://allencell/aics/emt_timelapse_dataset/data/3500005548_35_all_cells_mask.ome.zarr,https://allencell.s3.amazonaws.com/aics/emt_timelapse_dataset/data/3500005548_35_all_cells_mask.ome.zarr,https://volumeviewer.allencell.org/viewer?url=https%3A%2F%2Fallencell.s3.amazonaws.com%2Faics%2Femt_timelapse_dataset%2Fdata%2F3500005548_35_all_cells_mask.ome.zarr,1x1,"[[ 9.98594556e-01 -1.30508594e-03  1.70856939e+00]
 [ 1.30508594e-03  9.98594556e-01  3.18139263e+00]
 [ 0.00000000e+00  0.00000000e+00  1.00000000e+00]]",AICS-0061,1,2,0,36,,,,,,Bright-field,mEGFP,CollagenIV,RPMI+B27 minus insulin ,,Mon Oct 23 2023,TCZYX,Matrigel at 1:60 in culture media,5uM CHIR in culture media,,,,2D colony EMT,50ms,https://allencell.s3.amazonaws.com/aics/emt_timelapse_dataset/data/3500005548_35_raw_converted.ome.zarr,mEGFP,HIST1H2BJ,Diluted Matrigel + DMEM/F12,s3://allencell/aics/emt_timelapse_dataset/data/3500005548_35_H2B_nuclear_segmentation.ome.zarr,https://allencell.s3.amazonaws.com/aics/emt_timelapse_dataset/data/3500005548_35_H2B_nuclear_segmentation.ome.zarr,https://volumeviewer.allencell.org/viewer?url=https%3A%2F%2Fallencell.s3.amazonaws.com%2Faics%2Femt_timelapse_dataset%2Fdata%2F3500005548_35_H2B_nuclear_segmentation.ome.zarr,3,121,1848,1248,30,Oct 27 2023  13H34,ZSD-1,NA,Lot 118001 ,3500005548_35,20x/0.80,0.271,0.271,2.88,2,3500005548,35,TRUE,histone H2B type 1-J,"https://volumeviewer.allencell.org/viewer?url=https%3A%2F%2Fallencell.s3.amazonaws.com%2Faics%2Femt_timelapse_dataset%2Fdata%2F3500005548_35_raw_converted.ome.zarr,https%3A%2F%2Fallencell.s3.amazonaws.com%2Faics%2Femt_timelapse_dataset%2Fdata%2F3500005548_35_all_cells_mask.ome.zarr,https%3A%2F%2Fallencell.s3.amazonaws.com%2Faics%2Femt_timelapse_dataset%2Fdata%2F3500005548_35_H2B_nuclear_segmentation.ome.zarr&t=24&mode=maxproject&c0=lut:0:autoij,ven:0&c1=lut:0:autoij,ven:1&c2=lut:0:autoij,ven:1,col:bd10e0&c3&c4",s3://allencell/aics/emt_timelapse_dataset/data/3500005548_35_raw_converted.ome.zarr,https://allencell.s3.amazonaws.com/aics/emt_timelapse_dataset/data/3500005548_35_raw_converted.ome.zarr,"https://volumeviewer.allencell.org/viewer?url=https%3A%2F%2Fallencell.s3.amazonaws.com%2Faics%2Femt_timelapse_dataset%2Fdata%2F3500005548_35_raw_converted.ome.zarr&t=24&mode=maxproject&c0=lut:0:autoij,ven:0&c1=lut:0:autoij,ven:1&c2=lut:0:autoij,ven:1,col:bd10e0",35,TRUE,heterochromatin,Oct 27 2023 13H04,30 minutes,,,2D 12H,Plotting,D9
3500005548_36_raw_converted,0.77mW,0.8mW,TRUE,TRUE,s3://allencell/aics/emt_timelapse_dataset/data/3500005548_36_all_cells_mask.ome.zarr,https://allencell.s3.amazonaws.com/aics/emt_timelapse_dataset/data/3500005548_36_all_cells_mask.ome.zarr,https://volumeviewer.allencell.org/viewer?url=https%3A%2F%2Fallencell.s3.amazonaws.com%2Faics%2Femt_timelapse_dataset%2Fdata%2F3500005548_36_all_cells_mask.ome.zarr,1x1,"[[ 9.98594556e-01 -1.30508594e-03  1.70856939e+00]
 [ 1.30508594e-03  9.98594556e-01  3.18139263e+00]
 [ 0.00000000e+00  0.00000000e+00  1.00000000e+00]]",AICS-0061,1,2,0,36,,,,,,Bright-field,mEGFP,CollagenIV,RPMI+B27 minus insulin ,,Mon Oct 23 2023,TCZYX,Matrigel at 1:60 in culture media,5uM CHIR in culture media,,,,2D colony EMT,50ms,https://allencell.s3.amazonaws.com/aics/emt_timelapse_dataset/data/3500005548_36_raw_converted.ome.zarr,mEGFP,HIST1H2BJ,Diluted Matrigel + DMEM/F12,s3://allencell/aics/emt_timelapse_dataset/data/3500005548_36_H2B_nuclear_segmentation.ome.zarr,https://allencell.s3.amazonaws.com/aics/emt_timelapse_dataset/data/3500005548_36_H2B_nuclear_segmentation.ome.zarr,https://volumeviewer.allencell.org/viewer?url=https%3A%2F%2Fallencell.s3.amazonaws.com%2Faics%2Femt_timelapse_dataset%2Fdata%2F3500005548_36_H2B_nuclear_segmentation.ome.zarr,3,121,1848,1248,30,Oct 27 2023  13H34,ZSD-1,NA,Lot 118001 ,3500005548_36,20x/0.80,0.271,0.271,2.88,2,3500005548,36,TRUE,histone H2B type 1-J,"https://volumeviewer.allencell.org/viewer?url=https%3A%2F%2Fallencell.s3.amazonaws.com%2Faics%2Femt_timelapse_dataset%2Fdata%2F3500005548_36_raw_converted.ome.zarr,https%3A%2F%2Fallencell.s3.amazonaws.com%2Faics%2Femt_timelapse_dataset%2Fdata%2F3500005548_36_all_cells_mask.ome.zarr,https%3A%2F%2Fallencell.s3.amazonaws.com%2Faics%2Femt_timelapse_dataset%2Fdata%2F3500005548_36_H2B_nuclear_segmentation.ome.zarr&t=24&mode=maxproject&c0=lut:0:autoij,ven:0&c1=lut:0:autoij,ven:1&c2=lut:0:autoij,ven:1,col:bd10e0&c3&c4",s3://allencell/aics/emt_timelapse_dataset/data/3500005548_36_raw_converted.ome.zarr,https://allencell.s3.amazonaws.com/aics/emt_timelapse_dataset/data/3500005548_36_raw_converted.ome.zarr,"https://volumeviewer.allencell.org/viewer?url=https%3A%2F%2Fallencell.s3.amazonaws.com%2Faics%2Femt_timelapse_dataset%2Fdata%2F3500005548_36_raw_converted.ome.zarr&t=24&mode=maxproject&c0=lut:0:autoij,ven:0&c1=lut:0:autoij,ven:1&c2=lut:0:autoij,ven:1,col:bd10e0",36,TRUE,heterochromatin,Oct 27 2023 13H04,30 minutes,,,2D 12H,Plotting,D9
3500005548_43_raw_converted,0.77mW,0.8mW,TRUE,TRUE,s3://allencell/aics/emt_timelapse_dataset/data/3500005548_43_all_cells_mask.ome.zarr,https://allencell.s3.amazonaws.com/aics/emt_timelapse_dataset/data/3500005548_43_all_cells_mask.ome.zarr,https://volumeviewer.allencell.org/viewer?url=https%3A%2F%2Fallencell.s3.amazonaws.com%2Faics%2Femt_timelapse_dataset%2Fdata%2F3500005548_43_all_cells_mask.ome.zarr,1x1,"[[ 9.98594556e-01 -1.30508594e-03  1.70856939e+00]
 [ 1.30508594e-03  9.98594556e-01  3.18139263e+00]
 [ 0.00000000e+00  0.00000000e+00  1.00000000e+00]]",AICS-0061,1,2,0,36,,s3://allencell/aics/emt_timelapse_dataset/data/3500005548_43_collagenIV_segmentation_mesh,s3://allencell/aics/emt_timelapse_dataset/data/3500005548_43_collagenIV_segmentation_probability.ome.zarr,https://allencell.s3.amazonaws.com/aics/emt_timelapse_dataset/data/3500005548_43_collagenIV_segmentation_probability.ome.zarr,https://volumeviewer.allencell.org/viewer?url=https%3A%2F%2Fallencell.s3.amazonaws.com%2Faics%2Femt_timelapse_dataset%2Fdata%2F3500005548_43_collagenIV_segmentation_probability.ome.zarr,Bright-field,mEGFP,CollagenIV,RPMI+B27 minus insulin ,,Mon Oct 23 2023,TCZYX,Matrigel at 1:60 in culture media,5uM CHIR in culture media,,,,3D lumenoid EMT,50ms,https://allencell.s3.amazonaws.com/aics/emt_timelapse_dataset/data/3500005548_43_raw_converted.ome.zarr,mEGFP,HIST1H2BJ,Diluted Matrigel + DMEM/F12,s3://allencell/aics/emt_timelapse_dataset/data/3500005548_43_H2B_nuclear_segmentation.ome.zarr,https://allencell.s3.amazonaws.com/aics/emt_timelapse_dataset/data/3500005548_43_H2B_nuclear_segmentation.ome.zarr,https://volumeviewer.allencell.org/viewer?url=https%3A%2F%2Fallencell.s3.amazonaws.com%2Faics%2Femt_timelapse_dataset%2Fdata%2F3500005548_43_H2B_nuclear_segmentation.ome.zarr,3,121,1848,1248,30,Oct 27 2023  13H34,ZSD-1,two days prior to imaging,Lot 118001 ,3500005548_43,20x/0.80,0.271,0.271,2.88,2,3500005548,44,TRUE,histone H2B type 1-J,"https://volumeviewer.allencell.org/viewer?url=https%3A%2F%2Fallencell.s3.amazonaws.com%2Faics%2Femt_timelapse_dataset%2Fdata%2F3500005548_43_raw_converted.ome.zarr,https%3A%2F%2Fallencell.s3.amazonaws.com%2Faics%2Femt_timelapse_dataset%2Fdata%2F3500005548_43_all_cells_mask.ome.zarr,https%3A%2F%2Fallencell.s3.amazonaws.com%2Faics%2Femt_timelapse_dataset%2Fdata%2F3500005548_43_H2B_nuclear_segmentation.ome.zarr,https%3A%2F%2Fallencell.s3.amazonaws.com%2Faics%2Femt_timelapse_dataset%2Fdata%2F3500005548_43_collagenIV_segmentation_probability.ome.zarr&t=24&mode=maxproject&c0=lut:0:autoij,ven:0&c1=lut:0:autoij,ven:1&c2=lut:0:autoij,ven:1,col:bd10e0&c3&c4&c5",s3://allencell/aics/emt_timelapse_dataset/data/3500005548_43_raw_converted.ome.zarr,https://allencell.s3.amazonaws.com/aics/emt_timelapse_dataset/data/3500005548_43_raw_converted.ome.zarr,"https://volumeviewer.allencell.org/viewer?url=https%3A%2F%2Fallencell.s3.amazonaws.com%2Faics%2Femt_timelapse_dataset%2Fdata%2F3500005548_43_raw_converted.ome.zarr&t=24&mode=maxproject&c0=lut:0:autoij,ven:0&c1=lut:0:autoij,ven:1&c2=lut:0:autoij,ven:1,col:bd10e0",43,TRUE,heterochromatin,Oct 27 2023 13H04,30 minutes,,,2D 12H,"Plotting, Determination of migration timing using the basement membrane mesh",E8
3500005548_45_raw_converted,0.77mW,0.8mW,TRUE,FALSE,s3://allencell/aics/emt_timelapse_dataset/data/3500005548_45_all_cells_mask.ome.zarr,https://allencell.s3.amazonaws.com/aics/emt_timelapse_dataset/data/3500005548_45_all_cells_mask.ome.zarr,https://volumeviewer.allencell.org/viewer?url=https%3A%2F%2Fallencell.s3.amazonaws.com%2Faics%2Femt_timelapse_dataset%2Fdata%2F3500005548_45_all_cells_mask.ome.zarr,1x1,"[[ 9.98594556e-01 -1.30508594e-03  1.70856939e+00]
 [ 1.30508594e-03  9.98594556e-01  3.18139263e+00]
 [ 0.00000000e+00  0.00000000e+00  1.00000000e+00]]",AICS-0061,1,2,0,36,,s3://allencell/aics/emt_timelapse_dataset/data/3500005548_45_collagenIV_segmentation_mesh,s3://allencell/aics/emt_timelapse_dataset/data/3500005548_45_collagenIV_segmentation_probability.ome.zarr,https://allencell.s3.amazonaws.com/aics/emt_timelapse_dataset/data/3500005548_45_collagenIV_segmentation_probability.ome.zarr,https://volumeviewer.allencell.org/viewer?url=https%3A%2F%2Fallencell.s3.amazonaws.com%2Faics%2Femt_timelapse_dataset%2Fdata%2F3500005548_45_collagenIV_segmentation_probability.ome.zarr,Bright-field,mEGFP,CollagenIV,RPMI+B27 minus insulin ,,Mon Oct 23 2023,TCZYX,Matrigel at 1:60 in culture media,5uM CHIR in culture media,,,,3D lumenoid EMT,50ms,https://allencell.s3.amazonaws.com/aics/emt_timelapse_dataset/data/3500005548_45_raw_converted.ome.zarr,mEGFP,HIST1H2BJ,Diluted Matrigel + DMEM/F12,s3://allencell/aics/emt_timelapse_dataset/data/3500005548_45_H2B_nuclear_segmentation.ome.zarr,https://allencell.s3.amazonaws.com/aics/emt_timelapse_dataset/data/3500005548_45_H2B_nuclear_segmentation.ome.zarr,https://volumeviewer.allencell.org/viewer?url=https%3A%2F%2Fallencell.s3.amazonaws.com%2Faics%2Femt_timelapse_dataset%2Fdata%2F3500005548_45_H2B_nuclear_segmentation.ome.zarr,3,121,1848,1248,30,Oct 27 2023  13H34,ZSD-1,two days prior to imaging,Lot 118001 ,3500005548_45,20x/0.80,0.271,0.271,2.88,2,3500005548,45,TRUE,histone H2B type 1-J,"https://volumeviewer.allencell.org/viewer?url=https%3A%2F%2Fallencell.s3.amazonaws.com%2Faics%2Femt_timelapse_dataset%2Fdata%2F3500005548_45_raw_converted.ome.zarr,https%3A%2F%2Fallencell.s3.amazonaws.com%2Faics%2Femt_timelapse_dataset%2Fdata%2F3500005548_45_all_cells_mask.ome.zarr,https%3A%2F%2Fallencell.s3.amazonaws.com%2Faics%2Femt_timelapse_dataset%2Fdata%2F3500005548_45_H2B_nuclear_segmentation.ome.zarr,https%3A%2F%2Fallencell.s3.amazonaws.com%2Faics%2Femt_timelapse_dataset%2Fdata%2F3500005548_45_collagenIV_segmentation_probability.ome.zarr&t=24&mode=maxproject&c0=lut:0:autoij,ven:0&c1=lut:0:autoij,ven:1&c2=lut:0:autoij,ven:1,col:bd10e0&c3&c4&c5",s3://allencell/aics/emt_timelapse_dataset/data/3500005548_45_raw_converted.ome.zarr,https://allencell.s3.amazonaws.com/aics/emt_timelapse_dataset/data/3500005548_45_raw_converted.ome.zarr,"https://volumeviewer.allencell.org/viewer?url=https%3A%2F%2Fallencell.s3.amazonaws.com%2Faics%2Femt_timelapse_dataset%2Fdata%2F3500005548_45_raw_converted.ome.zarr&t=24&mode=maxproject&c0=lut:0:autoij,ven:0&c1=lut:0:autoij,ven:1&c2=lut:0:autoij,ven:1,col:bd10e0",45,TRUE,heterochromatin,Oct 27 2023 13H04,30 minutes,,,2D 12H,,E8
3500005548_48_raw_converted,0.77mW,0.8mW,TRUE,TRUE,s3://allencell/aics/emt_timelapse_dataset/data/3500005548_48_all_cells_mask.ome.zarr,https://allencell.s3.amazonaws.com/aics/emt_timelapse_dataset/data/3500005548_48_all_cells_mask.ome.zarr,https://volumeviewer.allencell.org/viewer?url=https%3A%2F%2Fallencell.s3.amazonaws.com%2Faics%2Femt_timelapse_dataset%2Fdata%2F3500005548_48_all_cells_mask.ome.zarr,1x1,"[[ 9.98594556e-01 -1.30508594e-03  1.70856939e+00]
 [ 1.30508594e-03  9.98594556e-01  3.18139263e+00]
 [ 0.00000000e+00  0.00000000e+00  1.00000000e+00]]",AICS-0061,1,2,0,36,,s3://allencell/aics/emt_timelapse_dataset/data/3500005548_48_collagenIV_segmentation_mesh,s3://allencell/aics/emt_timelapse_dataset/data/3500005548_48_collagenIV_segmentation_probability.ome.zarr,https://allencell.s3.amazonaws.com/aics/emt_timelapse_dataset/data/3500005548_48_collagenIV_segmentation_probability.ome.zarr,https://volumeviewer.allencell.org/viewer?url=https%3A%2F%2Fallencell.s3.amazonaws.com%2Faics%2Femt_timelapse_dataset%2Fdata%2F3500005548_48_collagenIV_segmentation_probability.ome.zarr,Bright-field,mEGFP,CollagenIV,RPMI+B27 minus insulin ,,Mon Oct 23 2023,TCZYX,Matrigel at 1:60 in culture media,5uM CHIR in culture media,,,,3D lumenoid EMT,50ms,https://allencell.s3.amazonaws.com/aics/emt_timelapse_dataset/data/3500005548_48_raw_converted.ome.zarr,mEGFP,HIST1H2BJ,Diluted Matrigel + DMEM/F12,s3://allencell/aics/emt_timelapse_dataset/data/3500005548_48_H2B_nuclear_segmentation.ome.zarr,https://allencell.s3.amazonaws.com/aics/emt_timelapse_dataset/data/3500005548_48_H2B_nuclear_segmentation.ome.zarr,https://volumeviewer.allencell.org/viewer?url=https%3A%2F%2Fallencell.s3.amazonaws.com%2Faics%2Femt_timelapse_dataset%2Fdata%2F3500005548_48_H2B_nuclear_segmentation.ome.zarr,3,121,1848,1248,30,Oct 27 2023  13H34,ZSD-1,two days prior to imaging,Lot 118001 ,3500005548_48,20x/0.80,0.271,0.271,2.88,2,3500005548,46,TRUE,histone H2B type 1-J,"https://volumeviewer.allencell.org/viewer?url=https%3A%2F%2Fallencell.s3.amazonaws.com%2Faics%2Femt_timelapse_dataset%2Fdata%2F3500005548_48_raw_converted.ome.zarr,https%3A%2F%2Fallencell.s3.amazonaws.com%2Faics%2Femt_timelapse_dataset%2Fdata%2F3500005548_48_all_cells_mask.ome.zarr,https%3A%2F%2Fallencell.s3.amazonaws.com%2Faics%2Femt_timelapse_dataset%2Fdata%2F3500005548_48_H2B_nuclear_segmentation.ome.zarr,https%3A%2F%2Fallencell.s3.amazonaws.com%2Faics%2Femt_timelapse_dataset%2Fdata%2F3500005548_48_collagenIV_segmentation_probability.ome.zarr&t=24&mode=maxproject&c0=lut:0:autoij,ven:0&c1=lut:0:autoij,ven:1&c2=lut:0:autoij,ven:1,col:bd10e0&c3&c4&c5",s3://allencell/aics/emt_timelapse_dataset/data/3500005548_48_raw_converted.ome.zarr,https://allencell.s3.amazonaws.com/aics/emt_timelapse_dataset/data/3500005548_48_raw_converted.ome.zarr,"https://volumeviewer.allencell.org/viewer?url=https%3A%2F%2Fallencell.s3.amazonaws.com%2Faics%2Femt_timelapse_dataset%2Fdata%2F3500005548_48_raw_converted.ome.zarr&t=24&mode=maxproject&c0=lut:0:autoij,ven:0&c1=lut:0:autoij,ven:1&c2=lut:0:autoij,ven:1,col:bd10e0",48,TRUE,heterochromatin,Oct 27 2023 13H04,30 minutes,,,2D 12H,"Plotting, Determination of migration timing using the basement membrane mesh",E7
3500005548_46_raw_converted,0.77mW,0.8mW,TRUE,TRUE,s3://allencell/aics/emt_timelapse_dataset/data/3500005548_46_all_cells_mask.ome.zarr,https://allencell.s3.amazonaws.com/aics/emt_timelapse_dataset/data/3500005548_46_all_cells_mask.ome.zarr,https://volumeviewer.allencell.org/viewer?url=https%3A%2F%2Fallencell.s3.amazonaws.com%2Faics%2Femt_timelapse_dataset%2Fdata%2F3500005548_46_all_cells_mask.ome.zarr,1x1,"[[ 9.98594556e-01 -1.30508594e-03  1.70856939e+00]
 [ 1.30508594e-03  9.98594556e-01  3.18139263e+00]
 [ 0.00000000e+00  0.00000000e+00  1.00000000e+00]]",AICS-0061,1,2,0,36,,s3://allencell/aics/emt_timelapse_dataset/data/3500005548_46_collagenIV_segmentation_mesh,s3://allencell/aics/emt_timelapse_dataset/data/3500005548_46_collagenIV_segmentation_probability.ome.zarr,https://allencell.s3.amazonaws.com/aics/emt_timelapse_dataset/data/3500005548_46_collagenIV_segmentation_probability.ome.zarr,https://volumeviewer.allencell.org/viewer?url=https%3A%2F%2Fallencell.s3.amazonaws.com%2Faics%2Femt_timelapse_dataset%2Fdata%2F3500005548_46_collagenIV_segmentation_probability.ome.zarr,Bright-field,mEGFP,CollagenIV,RPMI+B27 minus insulin ,,Mon Oct 23 2023,TCZYX,Matrigel at 1:60 in culture media,5uM CHIR in culture media,,,,3D lumenoid EMT,50ms,https://allencell.s3.amazonaws.com/aics/emt_timelapse_dataset/data/3500005548_46_raw_converted.ome.zarr,mEGFP,HIST1H2BJ,Diluted Matrigel + DMEM/F12,s3://allencell/aics/emt_timelapse_dataset/data/3500005548_46_H2B_nuclear_segmentation.ome.zarr,https://allencell.s3.amazonaws.com/aics/emt_timelapse_dataset/data/3500005548_46_H2B_nuclear_segmentation.ome.zarr,https://volumeviewer.allencell.org/viewer?url=https%3A%2F%2Fallencell.s3.amazonaws.com%2Faics%2Femt_timelapse_dataset%2Fdata%2F3500005548_46_H2B_nuclear_segmentation.ome.zarr,3,121,1848,1248,30,Oct 27 2023  13H34,ZSD-1,two days prior to imaging,Lot 118001 ,3500005548_46,20x/0.80,0.271,0.271,2.88,2,3500005548,48,TRUE,histone H2B type 1-J,"https://volumeviewer.allencell.org/viewer?url=https%3A%2F%2Fallencell.s3.amazonaws.com%2Faics%2Femt_timelapse_dataset%2Fdata%2F3500005548_46_raw_converted.ome.zarr,https%3A%2F%2Fallencell.s3.amazonaws.com%2Faics%2Femt_timelapse_dataset%2Fdata%2F3500005548_46_all_cells_mask.ome.zarr,https%3A%2F%2Fallencell.s3.amazonaws.com%2Faics%2Femt_timelapse_dataset%2Fdata%2F3500005548_46_H2B_nuclear_segmentation.ome.zarr,https%3A%2F%2Fallencell.s3.amazonaws.com%2Faics%2Femt_timelapse_dataset%2Fdata%2F3500005548_46_collagenIV_segmentation_probability.ome.zarr&t=24&mode=maxproject&c0=lut:0:autoij,ven:0&c1=lut:0:autoij,ven:1&c2=lut:0:autoij,ven:1,col:bd10e0&c3&c4&c5",s3://allencell/aics/emt_timelapse_dataset/data/3500005548_46_raw_converted.ome.zarr,https://allencell.s3.amazonaws.com/aics/emt_timelapse_dataset/data/3500005548_46_raw_converted.ome.zarr,"https://volumeviewer.allencell.org/viewer?url=https%3A%2F%2Fallencell.s3.amazonaws.com%2Faics%2Femt_timelapse_dataset%2Fdata%2F3500005548_46_raw_converted.ome.zarr&t=24&mode=maxproject&c0=lut:0:autoij,ven:0&c1=lut:0:autoij,ven:1&c2=lut:0:autoij,ven:1,col:bd10e0",46,TRUE,heterochromatin,Oct 27 2023 13H04,30 minutes,,,2D 12H,"Plotting, Determination of migration timing using the basement membrane mesh",E7
3500005824_11_raw_converted,0.77mW,0.8mW,TRUE,TRUE,s3://allencell/aics/emt_timelapse_dataset/data/3500005824_11_all_cells_mask.ome.zarr,https://allencell.s3.amazonaws.com/aics/emt_timelapse_dataset/data/3500005824_11_all_cells_mask.ome.zarr,https://volumeviewer.allencell.org/viewer?url=https%3A%2F%2Fallencell.s3.amazonaws.com%2Faics%2Femt_timelapse_dataset%2Fdata%2F3500005824_11_all_cells_mask.ome.zarr,1x1,"[[ 9.98916029e-01  1.80614086e-03 -1.05202507e+00]
 [-1.80614086e-03  9.98916029e-01  2.70893936e+00]
 [ 0.00000000e+00  0.00000000e+00  1.00000000e+00]]",AICS-0061,1,2,0,36,,,,,,Bright-field,mEGFP,CollagenIV,RPMI+B27 minus insulin ,,Mon Aug 28 2023,TCZYX,Matrigel at 1:60 in culture media,5uM CHIR in culture media,,,,2D colony EMT,50ms,https://allencell.s3.amazonaws.com/aics/emt_timelapse_dataset/data/3500005824_11_raw_converted.ome.zarr,mEGFP,HIST1H2BJ,Diluted Matrigel + DMEM/F12,s3://allencell/aics/emt_timelapse_dataset/data/3500005824_11_H2B_nuclear_segmentation.ome.zarr,https://allencell.s3.amazonaws.com/aics/emt_timelapse_dataset/data/3500005824_11_H2B_nuclear_segmentation.ome.zarr,https://volumeviewer.allencell.org/viewer?url=https%3A%2F%2Fallencell.s3.amazonaws.com%2Faics%2Femt_timelapse_dataset%2Fdata%2F3500005824_11_H2B_nuclear_segmentation.ome.zarr,3,121,1848,1248,30,Sep 01 2023 13H16,ZSD-1,NA,Lot 118001 ,3500005824_11,20x/0.80,0.271,0.271,2.88,2,3500005824,10,TRUE,histone H2B type 1-J,"https://volumeviewer.allencell.org/viewer?url=https%3A%2F%2Fallencell.s3.amazonaws.com%2Faics%2Femt_timelapse_dataset%2Fdata%2F3500005824_11_raw_converted.ome.zarr,https%3A%2F%2Fallencell.s3.amazonaws.com%2Faics%2Femt_timelapse_dataset%2Fdata%2F3500005824_11_all_cells_mask.ome.zarr,https%3A%2F%2Fallencell.s3.amazonaws.com%2Faics%2Femt_timelapse_dataset%2Fdata%2F3500005824_11_H2B_nuclear_segmentation.ome.zarr&t=24&mode=maxproject&c0=lut:0:autoij,ven:0&c1=lut:0:autoij,ven:1&c2=lut:0:autoij,ven:1,col:bd10e0&c3&c4",s3://allencell/aics/emt_timelapse_dataset/data/3500005824_11_raw_converted.ome.zarr,https://allencell.s3.amazonaws.com/aics/emt_timelapse_dataset/data/3500005824_11_raw_converted.ome.zarr,"https://volumeviewer.allencell.org/viewer?url=https%3A%2F%2Fallencell.s3.amazonaws.com%2Faics%2Femt_timelapse_dataset%2Fdata%2F3500005824_11_raw_converted.ome.zarr&t=24&mode=maxproject&c0=lut:0:autoij,ven:0&c1=lut:0:autoij,ven:1&c2=lut:0:autoij,ven:1,col:bd10e0",11,TRUE,heterochromatin,Sep 01 2023 12H25,30 minutes,,,2D 12H,Plotting,B7
3500005824_12_raw_converted,0.77mW,0.8mW,TRUE,TRUE,s3://allencell/aics/emt_timelapse_dataset/data/3500005824_12_all_cells_mask.ome.zarr,https://allencell.s3.amazonaws.com/aics/emt_timelapse_dataset/data/3500005824_12_all_cells_mask.ome.zarr,https://volumeviewer.allencell.org/viewer?url=https%3A%2F%2Fallencell.s3.amazonaws.com%2Faics%2Femt_timelapse_dataset%2Fdata%2F3500005824_12_all_cells_mask.ome.zarr,1x1,"[[ 9.98916029e-01  1.80614086e-03 -1.05202507e+00]
 [-1.80614086e-03  9.98916029e-01  2.70893936e+00]
 [ 0.00000000e+00  0.00000000e+00  1.00000000e+00]]",AICS-0061,1,2,0,36,,,,,,Bright-field,mEGFP,CollagenIV,RPMI+B27 minus insulin ,,Mon Aug 28 2023,TCZYX,Matrigel at 1:60 in culture media,5uM CHIR in culture media,,,,2D colony EMT,50ms,https://allencell.s3.amazonaws.com/aics/emt_timelapse_dataset/data/3500005824_12_raw_converted.ome.zarr,mEGFP,HIST1H2BJ,Diluted Matrigel + DMEM/F12,s3://allencell/aics/emt_timelapse_dataset/data/3500005824_12_H2B_nuclear_segmentation.ome.zarr,https://allencell.s3.amazonaws.com/aics/emt_timelapse_dataset/data/3500005824_12_H2B_nuclear_segmentation.ome.zarr,https://volumeviewer.allencell.org/viewer?url=https%3A%2F%2Fallencell.s3.amazonaws.com%2Faics%2Femt_timelapse_dataset%2Fdata%2F3500005824_12_H2B_nuclear_segmentation.ome.zarr,3,121,1848,1248,30,Sep 01 2023 13H16,ZSD-1,NA,Lot 118001 ,3500005824_12,20x/0.80,0.271,0.271,2.88,2,3500005824,11,TRUE,histone H2B type 1-J,"https://volumeviewer.allencell.org/viewer?url=https%3A%2F%2Fallencell.s3.amazonaws.com%2Faics%2Femt_timelapse_dataset%2Fdata%2F3500005824_12_raw_converted.ome.zarr,https%3A%2F%2Fallencell.s3.amazonaws.com%2Faics%2Femt_timelapse_dataset%2Fdata%2F3500005824_12_all_cells_mask.ome.zarr,https%3A%2F%2Fallencell.s3.amazonaws.com%2Faics%2Femt_timelapse_dataset%2Fdata%2F3500005824_12_H2B_nuclear_segmentation.ome.zarr&t=24&mode=maxproject&c0=lut:0:autoij,ven:0&c1=lut:0:autoij,ven:1&c2=lut:0:autoij,ven:1,col:bd10e0&c3&c4",s3://allencell/aics/emt_timelapse_dataset/data/3500005824_12_raw_converted.ome.zarr,https://allencell.s3.amazonaws.com/aics/emt_timelapse_dataset/data/3500005824_12_raw_converted.ome.zarr,"https://volumeviewer.allencell.org/viewer?url=https%3A%2F%2Fallencell.s3.amazonaws.com%2Faics%2Femt_timelapse_dataset%2Fdata%2F3500005824_12_raw_converted.ome.zarr&t=24&mode=maxproject&c0=lut:0:autoij,ven:0&c1=lut:0:autoij,ven:1&c2=lut:0:autoij,ven:1,col:bd10e0",12,TRUE,heterochromatin,Sep 01 2023 12H25,30 minutes,,,2D 12H,Plotting,B7
3500005824_10_raw_converted,0.77mW,0.8mW,TRUE,TRUE,s3://allencell/aics/emt_timelapse_dataset/data/3500005824_10_all_cells_mask.ome.zarr,https://allencell.s3.amazonaws.com/aics/emt_timelapse_dataset/data/3500005824_10_all_cells_mask.ome.zarr,https://volumeviewer.allencell.org/viewer?url=https%3A%2F%2Fallencell.s3.amazonaws.com%2Faics%2Femt_timelapse_dataset%2Fdata%2F3500005824_10_all_cells_mask.ome.zarr,1x1,"[[ 9.98916029e-01  1.80614086e-03 -1.05202507e+00]
 [-1.80614086e-03  9.98916029e-01  2.70893936e+00]
 [ 0.00000000e+00  0.00000000e+00  1.00000000e+00]]",AICS-0061,1,2,0,36,,,,,,Bright-field,mEGFP,CollagenIV,RPMI+B27 minus insulin ,,Mon Aug 28 2023,TCZYX,Matrigel at 1:60 in culture media,5uM CHIR in culture media,,,,2D colony EMT,50ms,https://allencell.s3.amazonaws.com/aics/emt_timelapse_dataset/data/3500005824_10_raw_converted.ome.zarr,mEGFP,HIST1H2BJ,Diluted Matrigel + DMEM/F12,s3://allencell/aics/emt_timelapse_dataset/data/3500005824_10_H2B_nuclear_segmentation.ome.zarr,https://allencell.s3.amazonaws.com/aics/emt_timelapse_dataset/data/3500005824_10_H2B_nuclear_segmentation.ome.zarr,https://volumeviewer.allencell.org/viewer?url=https%3A%2F%2Fallencell.s3.amazonaws.com%2Faics%2Femt_timelapse_dataset%2Fdata%2F3500005824_10_H2B_nuclear_segmentation.ome.zarr,3,121,1848,1248,30,Sep 01 2023 13H16,ZSD-1,NA,Lot 118001 ,3500005824_10,20x/0.80,0.271,0.271,2.88,2,3500005824,12,TRUE,histone H2B type 1-J,"https://volumeviewer.allencell.org/viewer?url=https%3A%2F%2Fallencell.s3.amazonaws.com%2Faics%2Femt_timelapse_dataset%2Fdata%2F3500005824_10_raw_converted.ome.zarr,https%3A%2F%2Fallencell.s3.amazonaws.com%2Faics%2Femt_timelapse_dataset%2Fdata%2F3500005824_10_all_cells_mask.ome.zarr,https%3A%2F%2Fallencell.s3.amazonaws.com%2Faics%2Femt_timelapse_dataset%2Fdata%2F3500005824_10_H2B_nuclear_segmentation.ome.zarr&t=24&mode=maxproject&c0=lut:0:autoij,ven:0&c1=lut:0:autoij,ven:1&c2=lut:0:autoij,ven:1,col:bd10e0&c3&c4",s3://allencell/aics/emt_timelapse_dataset/data/3500005824_10_raw_converted.ome.zarr,https://allencell.s3.amazonaws.com/aics/emt_timelapse_dataset/data/3500005824_10_raw_converted.ome.zarr,"https://volumeviewer.allencell.org/viewer?url=https%3A%2F%2Fallencell.s3.amazonaws.com%2Faics%2Femt_timelapse_dataset%2Fdata%2F3500005824_10_raw_converted.ome.zarr&t=24&mode=maxproject&c0=lut:0:autoij,ven:0&c1=lut:0:autoij,ven:1&c2=lut:0:autoij,ven:1,col:bd10e0",10,TRUE,heterochromatin,Sep 01 2023 12H25,30 minutes,,,2D 12H,Plotting,B7
3500005824_2_raw_converted,0.77mW,0.8mW,TRUE,FALSE,s3://allencell/aics/emt_timelapse_dataset/data/3500005824_2_all_cells_mask.ome.zarr,https://allencell.s3.amazonaws.com/aics/emt_timelapse_dataset/data/3500005824_2_all_cells_mask.ome.zarr,https://volumeviewer.allencell.org/viewer?url=https%3A%2F%2Fallencell.s3.amazonaws.com%2Faics%2Femt_timelapse_dataset%2Fdata%2F3500005824_2_all_cells_mask.ome.zarr,1x1,"[[ 9.98916029e-01  1.80614086e-03 -1.05202507e+00]
 [-1.80614086e-03  9.98916029e-01  2.70893936e+00]
 [ 0.00000000e+00  0.00000000e+00  1.00000000e+00]]",AICS-0061,1,2,0,36,,,,,,Bright-field,mEGFP,CollagenIV,RPMI+B27 minus insulin ,,Mon Aug 28 2023,TCZYX,Matrigel at 1:60 in culture media,5uM CHIR in culture media,,,,2D PLF colony EMT,50ms,https://allencell.s3.amazonaws.com/aics/emt_timelapse_dataset/data/3500005824_2_raw_converted.ome.zarr,mEGFP,HIST1H2BJ,PLF (8.33ug/mL Fibronectin and 8.33ug/mL rhLaminin-521  and 0.08mg/mL Poly-D-Lysine),s3://allencell/aics/emt_timelapse_dataset/data/3500005824_2_H2B_nuclear_segmentation.ome.zarr,https://allencell.s3.amazonaws.com/aics/emt_timelapse_dataset/data/3500005824_2_H2B_nuclear_segmentation.ome.zarr,https://volumeviewer.allencell.org/viewer?url=https%3A%2F%2Fallencell.s3.amazonaws.com%2Faics%2Femt_timelapse_dataset%2Fdata%2F3500005824_2_H2B_nuclear_segmentation.ome.zarr,3,121,1848,1248,30,Sep 01 2023 13H16,ZSD-1,NA,Lot 118001 ,3500005824_2,20x/0.80,0.271,0.271,2.88,2,3500005824,1,TRUE,histone H2B type 1-J,"https://volumeviewer.allencell.org/viewer?url=https%3A%2F%2Fallencell.s3.amazonaws.com%2Faics%2Femt_timelapse_dataset%2Fdata%2F3500005824_2_raw_converted.ome.zarr,https%3A%2F%2Fallencell.s3.amazonaws.com%2Faics%2Femt_timelapse_dataset%2Fdata%2F3500005824_2_all_cells_mask.ome.zarr,https%3A%2F%2Fallencell.s3.amazonaws.com%2Faics%2Femt_timelapse_dataset%2Fdata%2F3500005824_2_H2B_nuclear_segmentation.ome.zarr&t=24&mode=maxproject&c0=lut:0:autoij,ven:0&c1=lut:0:autoij,ven:1&c2=lut:0:autoij,ven:1,col:bd10e0&c3&c4",s3://allencell/aics/emt_timelapse_dataset/data/3500005824_2_raw_converted.ome.zarr,https://allencell.s3.amazonaws.com/aics/emt_timelapse_dataset/data/3500005824_2_raw_converted.ome.zarr,"https://volumeviewer.allencell.org/viewer?url=https%3A%2F%2Fallencell.s3.amazonaws.com%2Faics%2Femt_timelapse_dataset%2Fdata%2F3500005824_2_raw_converted.ome.zarr&t=24&mode=maxproject&c0=lut:0:autoij,ven:0&c1=lut:0:autoij,ven:1&c2=lut:0:autoij,ven:1,col:bd10e0",2,TRUE,heterochromatin,Sep 01 2023 12H25,30 minutes,,,2D 12H,,B4
3500005824_37_raw_converted,0.77mW,0.8mW,TRUE,TRUE,s3://allencell/aics/emt_timelapse_dataset/data/3500005824_37_all_cells_mask.ome.zarr,https://allencell.s3.amazonaws.com/aics/emt_timelapse_dataset/data/3500005824_37_all_cells_mask.ome.zarr,https://volumeviewer.allencell.org/viewer?url=https%3A%2F%2Fallencell.s3.amazonaws.com%2Faics%2Femt_timelapse_dataset%2Fdata%2F3500005824_37_all_cells_mask.ome.zarr,1x1,"[[ 9.98916029e-01  1.80614086e-03 -1.05202507e+00]
 [-1.80614086e-03  9.98916029e-01  2.70893936e+00]
 [ 0.00000000e+00  0.00000000e+00  1.00000000e+00]]",AICS-0061,1,2,0,36,,s3://allencell/aics/emt_timelapse_dataset/data/3500005824_37_collagenIV_segmentation_mesh,s3://allencell/aics/emt_timelapse_dataset/data/3500005824_37_collagenIV_segmentation_probability.ome.zarr,https://allencell.s3.amazonaws.com/aics/emt_timelapse_dataset/data/3500005824_37_collagenIV_segmentation_probability.ome.zarr,https://volumeviewer.allencell.org/viewer?url=https%3A%2F%2Fallencell.s3.amazonaws.com%2Faics%2Femt_timelapse_dataset%2Fdata%2F3500005824_37_collagenIV_segmentation_probability.ome.zarr,Bright-field,mEGFP,CollagenIV,RPMI+B27 minus insulin ,,Mon Aug 28 2023,TCZYX,Matrigel at 1:60 in culture media,5uM CHIR in culture media,,,,3D lumenoid EMT,50ms,https://allencell.s3.amazonaws.com/aics/emt_timelapse_dataset/data/3500005824_37_raw_converted.ome.zarr,mEGFP,HIST1H2BJ,Diluted Matrigel + DMEM/F12,s3://allencell/aics/emt_timelapse_dataset/data/3500005824_37_H2B_nuclear_segmentation.ome.zarr,https://allencell.s3.amazonaws.com/aics/emt_timelapse_dataset/data/3500005824_37_H2B_nuclear_segmentation.ome.zarr,https://volumeviewer.allencell.org/viewer?url=https%3A%2F%2Fallencell.s3.amazonaws.com%2Faics%2Femt_timelapse_dataset%2Fdata%2F3500005824_37_H2B_nuclear_segmentation.ome.zarr,3,121,1848,1248,30,Sep 01 2023 13H16,ZSD-1,two days prior to imaging,Lot 118001 ,3500005824_37,20x/0.80,0.271,0.271,2.88,2,3500005824,37,TRUE,histone H2B type 1-J,"https://volumeviewer.allencell.org/viewer?url=https%3A%2F%2Fallencell.s3.amazonaws.com%2Faics%2Femt_timelapse_dataset%2Fdata%2F3500005824_37_raw_converted.ome.zarr,https%3A%2F%2Fallencell.s3.amazonaws.com%2Faics%2Femt_timelapse_dataset%2Fdata%2F3500005824_37_all_cells_mask.ome.zarr,https%3A%2F%2Fallencell.s3.amazonaws.com%2Faics%2Femt_timelapse_dataset%2Fdata%2F3500005824_37_H2B_nuclear_segmentation.ome.zarr,https%3A%2F%2Fallencell.s3.amazonaws.com%2Faics%2Femt_timelapse_dataset%2Fdata%2F3500005824_37_collagenIV_segmentation_probability.ome.zarr&t=24&mode=maxproject&c0=lut:0:autoij,ven:0&c1=lut:0:autoij,ven:1&c2=lut:0:autoij,ven:1,col:bd10e0&c3&c4&c5",s3://allencell/aics/emt_timelapse_dataset/data/3500005824_37_raw_converted.ome.zarr,https://allencell.s3.amazonaws.com/aics/emt_timelapse_dataset/data/3500005824_37_raw_converted.ome.zarr,"https://volumeviewer.allencell.org/viewer?url=https%3A%2F%2Fallencell.s3.amazonaws.com%2Faics%2Femt_timelapse_dataset%2Fdata%2F3500005824_37_raw_converted.ome.zarr&t=24&mode=maxproject&c0=lut:0:autoij,ven:0&c1=lut:0:autoij,ven:1&c2=lut:0:autoij,ven:1,col:bd10e0",37,TRUE,heterochromatin,Sep 01 2023 12H25,30 minutes,,,2D 12H,"Plotting, Determination of migration timing using the basement membrane mesh",E7
3500005824_38_raw_converted,0.77mW,0.8mW,TRUE,TRUE,s3://allencell/aics/emt_timelapse_dataset/data/3500005824_38_all_cells_mask.ome.zarr,https://allencell.s3.amazonaws.com/aics/emt_timelapse_dataset/data/3500005824_38_all_cells_mask.ome.zarr,https://volumeviewer.allencell.org/viewer?url=https%3A%2F%2Fallencell.s3.amazonaws.com%2Faics%2Femt_timelapse_dataset%2Fdata%2F3500005824_38_all_cells_mask.ome.zarr,1x1,"[[ 9.98916029e-01  1.80614086e-03 -1.05202507e+00]
 [-1.80614086e-03  9.98916029e-01  2.70893936e+00]
 [ 0.00000000e+00  0.00000000e+00  1.00000000e+00]]",AICS-0061,1,2,0,36,,s3://allencell/aics/emt_timelapse_dataset/data/3500005824_38_collagenIV_segmentation_mesh,s3://allencell/aics/emt_timelapse_dataset/data/3500005824_38_collagenIV_segmentation_probability.ome.zarr,https://allencell.s3.amazonaws.com/aics/emt_timelapse_dataset/data/3500005824_38_collagenIV_segmentation_probability.ome.zarr,https://volumeviewer.allencell.org/viewer?url=https%3A%2F%2Fallencell.s3.amazonaws.com%2Faics%2Femt_timelapse_dataset%2Fdata%2F3500005824_38_collagenIV_segmentation_probability.ome.zarr,Bright-field,mEGFP,CollagenIV,RPMI+B27 minus insulin ,,Mon Aug 28 2023,TCZYX,Matrigel at 1:60 in culture media,5uM CHIR in culture media,,,,3D lumenoid EMT,50ms,https://allencell.s3.amazonaws.com/aics/emt_timelapse_dataset/data/3500005824_38_raw_converted.ome.zarr,mEGFP,HIST1H2BJ,Diluted Matrigel + DMEM/F12,s3://allencell/aics/emt_timelapse_dataset/data/3500005824_38_H2B_nuclear_segmentation.ome.zarr,https://allencell.s3.amazonaws.com/aics/emt_timelapse_dataset/data/3500005824_38_H2B_nuclear_segmentation.ome.zarr,https://volumeviewer.allencell.org/viewer?url=https%3A%2F%2Fallencell.s3.amazonaws.com%2Faics%2Femt_timelapse_dataset%2Fdata%2F3500005824_38_H2B_nuclear_segmentation.ome.zarr,3,121,1848,1248,30,Sep 01 2023 13H16,ZSD-1,two days prior to imaging,Lot 118001 ,3500005824_38,20x/0.80,0.271,0.271,2.88,2,3500005824,39,TRUE,histone H2B type 1-J,"https://volumeviewer.allencell.org/viewer?url=https%3A%2F%2Fallencell.s3.amazonaws.com%2Faics%2Femt_timelapse_dataset%2Fdata%2F3500005824_38_raw_converted.ome.zarr,https%3A%2F%2Fallencell.s3.amazonaws.com%2Faics%2Femt_timelapse_dataset%2Fdata%2F3500005824_38_all_cells_mask.ome.zarr,https%3A%2F%2Fallencell.s3.amazonaws.com%2Faics%2Femt_timelapse_dataset%2Fdata%2F3500005824_38_H2B_nuclear_segmentation.ome.zarr,https%3A%2F%2Fallencell.s3.amazonaws.com%2Faics%2Femt_timelapse_dataset%2Fdata%2F3500005824_38_collagenIV_segmentation_probability.ome.zarr&t=24&mode=maxproject&c0=lut:0:autoij,ven:0&c1=lut:0:autoij,ven:1&c2=lut:0:autoij,ven:1,col:bd10e0&c3&c4&c5",s3://allencell/aics/emt_timelapse_dataset/data/3500005824_38_raw_converted.ome.zarr,https://allencell.s3.amazonaws.com/aics/emt_timelapse_dataset/data/3500005824_38_raw_converted.ome.zarr,"https://volumeviewer.allencell.org/viewer?url=https%3A%2F%2Fallencell.s3.amazonaws.com%2Faics%2Femt_timelapse_dataset%2Fdata%2F3500005824_38_raw_converted.ome.zarr&t=24&mode=maxproject&c0=lut:0:autoij,ven:0&c1=lut:0:autoij,ven:1&c2=lut:0:autoij,ven:1,col:bd10e0",38,TRUE,heterochromatin,Sep 01 2023 12H25,30 minutes,,,2D 12H,"Plotting, Determination of migration timing using the basement membrane mesh",E7
3500005824_35_raw_converted,0.77mW,0.8mW,TRUE,TRUE,s3://allencell/aics/emt_timelapse_dataset/data/3500005824_35_all_cells_mask.ome.zarr,https://allencell.s3.amazonaws.com/aics/emt_timelapse_dataset/data/3500005824_35_all_cells_mask.ome.zarr,https://volumeviewer.allencell.org/viewer?url=https%3A%2F%2Fallencell.s3.amazonaws.com%2Faics%2Femt_timelapse_dataset%2Fdata%2F3500005824_35_all_cells_mask.ome.zarr,1x1,"[[ 9.98916029e-01  1.80614086e-03 -1.05202507e+00]
 [-1.80614086e-03  9.98916029e-01  2.70893936e+00]
 [ 0.00000000e+00  0.00000000e+00  1.00000000e+00]]",AICS-0061,1,2,0,36,,s3://allencell/aics/emt_timelapse_dataset/data/3500005824_35_collagenIV_segmentation_mesh,s3://allencell/aics/emt_timelapse_dataset/data/3500005824_35_collagenIV_segmentation_probability.ome.zarr,https://allencell.s3.amazonaws.com/aics/emt_timelapse_dataset/data/3500005824_35_collagenIV_segmentation_probability.ome.zarr,https://volumeviewer.allencell.org/viewer?url=https%3A%2F%2Fallencell.s3.amazonaws.com%2Faics%2Femt_timelapse_dataset%2Fdata%2F3500005824_35_collagenIV_segmentation_probability.ome.zarr,Bright-field,mEGFP,CollagenIV,RPMI+B27 minus insulin ,,Mon Aug 28 2023,TCZYX,Matrigel at 1:60 in culture media,5uM CHIR in culture media,,,,3D lumenoid EMT,50ms,https://allencell.s3.amazonaws.com/aics/emt_timelapse_dataset/data/3500005824_35_raw_converted.ome.zarr,mEGFP,HIST1H2BJ,Diluted Matrigel + DMEM/F12,s3://allencell/aics/emt_timelapse_dataset/data/3500005824_35_H2B_nuclear_segmentation.ome.zarr,https://allencell.s3.amazonaws.com/aics/emt_timelapse_dataset/data/3500005824_35_H2B_nuclear_segmentation.ome.zarr,https://volumeviewer.allencell.org/viewer?url=https%3A%2F%2Fallencell.s3.amazonaws.com%2Faics%2Femt_timelapse_dataset%2Fdata%2F3500005824_35_H2B_nuclear_segmentation.ome.zarr,3,121,1848,1248,30,Sep 01 2023 13H16,ZSD-1,two days prior to imaging,Lot 118001 ,3500005824_35,20x/0.80,0.271,0.271,2.88,2,3500005824,40,TRUE,histone H2B type 1-J,"https://volumeviewer.allencell.org/viewer?url=https%3A%2F%2Fallencell.s3.amazonaws.com%2Faics%2Femt_timelapse_dataset%2Fdata%2F3500005824_35_raw_converted.ome.zarr,https%3A%2F%2Fallencell.s3.amazonaws.com%2Faics%2Femt_timelapse_dataset%2Fdata%2F3500005824_35_all_cells_mask.ome.zarr,https%3A%2F%2Fallencell.s3.amazonaws.com%2Faics%2Femt_timelapse_dataset%2Fdata%2F3500005824_35_H2B_nuclear_segmentation.ome.zarr,https%3A%2F%2Fallencell.s3.amazonaws.com%2Faics%2Femt_timelapse_dataset%2Fdata%2F3500005824_35_collagenIV_segmentation_probability.ome.zarr&t=24&mode=maxproject&c0=lut:0:autoij,ven:0&c1=lut:0:autoij,ven:1&c2=lut:0:autoij,ven:1,col:bd10e0&c3&c4&c5",s3://allencell/aics/emt_timelapse_dataset/data/3500005824_35_raw_converted.ome.zarr,https://allencell.s3.amazonaws.com/aics/emt_timelapse_dataset/data/3500005824_35_raw_converted.ome.zarr,"https://volumeviewer.allencell.org/viewer?url=https%3A%2F%2Fallencell.s3.amazonaws.com%2Faics%2Femt_timelapse_dataset%2Fdata%2F3500005824_35_raw_converted.ome.zarr&t=24&mode=maxproject&c0=lut:0:autoij,ven:0&c1=lut:0:autoij,ven:1&c2=lut:0:autoij,ven:1,col:bd10e0",35,TRUE,heterochromatin,Sep 01 2023 12H25,30 minutes,,,2D 12H,"Plotting, Determination of migration timing using the basement membrane mesh",E8
3500005824_36_raw_converted,0.77mW,0.8mW,TRUE,TRUE,s3://allencell/aics/emt_timelapse_dataset/data/3500005824_36_all_cells_mask.ome.zarr,https://allencell.s3.amazonaws.com/aics/emt_timelapse_dataset/data/3500005824_36_all_cells_mask.ome.zarr,https://volumeviewer.allencell.org/viewer?url=https%3A%2F%2Fallencell.s3.amazonaws.com%2Faics%2Femt_timelapse_dataset%2Fdata%2F3500005824_36_all_cells_mask.ome.zarr,1x1,"[[ 9.98916029e-01  1.80614086e-03 -1.05202507e+00]
 [-1.80614086e-03  9.98916029e-01  2.70893936e+00]
 [ 0.00000000e+00  0.00000000e+00  1.00000000e+00]]",AICS-0061,1,2,0,36,,s3://allencell/aics/emt_timelapse_dataset/data/3500005824_36_collagenIV_segmentation_mesh,s3://allencell/aics/emt_timelapse_dataset/data/3500005824_36_collagenIV_segmentation_probability.ome.zarr,https://allencell.s3.amazonaws.com/aics/emt_timelapse_dataset/data/3500005824_36_collagenIV_segmentation_probability.ome.zarr,https://volumeviewer.allencell.org/viewer?url=https%3A%2F%2Fallencell.s3.amazonaws.com%2Faics%2Femt_timelapse_dataset%2Fdata%2F3500005824_36_collagenIV_segmentation_probability.ome.zarr,Bright-field,mEGFP,CollagenIV,RPMI+B27 minus insulin ,,Mon Aug 28 2023,TCZYX,Matrigel at 1:60 in culture media,5uM CHIR in culture media,,,,3D lumenoid EMT,50ms,https://allencell.s3.amazonaws.com/aics/emt_timelapse_dataset/data/3500005824_36_raw_converted.ome.zarr,mEGFP,HIST1H2BJ,Diluted Matrigel + DMEM/F12,s3://allencell/aics/emt_timelapse_dataset/data/3500005824_36_H2B_nuclear_segmentation.ome.zarr,https://allencell.s3.amazonaws.com/aics/emt_timelapse_dataset/data/3500005824_36_H2B_nuclear_segmentation.ome.zarr,https://volumeviewer.allencell.org/viewer?url=https%3A%2F%2Fallencell.s3.amazonaws.com%2Faics%2Femt_timelapse_dataset%2Fdata%2F3500005824_36_H2B_nuclear_segmentation.ome.zarr,3,121,1848,1248,30,Sep 01 2023 13H16,ZSD-1,two days prior to imaging,Lot 118001 ,3500005824_36,20x/0.80,0.271,0.271,2.88,2,3500005824,42,TRUE,histone H2B type 1-J,"https://volumeviewer.allencell.org/viewer?url=https%3A%2F%2Fallencell.s3.amazonaws.com%2Faics%2Femt_timelapse_dataset%2Fdata%2F3500005824_36_raw_converted.ome.zarr,https%3A%2F%2Fallencell.s3.amazonaws.com%2Faics%2Femt_timelapse_dataset%2Fdata%2F3500005824_36_all_cells_mask.ome.zarr,https%3A%2F%2Fallencell.s3.amazonaws.com%2Faics%2Femt_timelapse_dataset%2Fdata%2F3500005824_36_H2B_nuclear_segmentation.ome.zarr,https%3A%2F%2Fallencell.s3.amazonaws.com%2Faics%2Femt_timelapse_dataset%2Fdata%2F3500005824_36_collagenIV_segmentation_probability.ome.zarr&t=24&mode=maxproject&c0=lut:0:autoij,ven:0&c1=lut:0:autoij,ven:1&c2=lut:0:autoij,ven:1,col:bd10e0&c3&c4&c5",s3://allencell/aics/emt_timelapse_dataset/data/3500005824_36_raw_converted.ome.zarr,https://allencell.s3.amazonaws.com/aics/emt_timelapse_dataset/data/3500005824_36_raw_converted.ome.zarr,"https://volumeviewer.allencell.org/viewer?url=https%3A%2F%2Fallencell.s3.amazonaws.com%2Faics%2Femt_timelapse_dataset%2Fdata%2F3500005824_36_raw_converted.ome.zarr&t=24&mode=maxproject&c0=lut:0:autoij,ven:0&c1=lut:0:autoij,ven:1&c2=lut:0:autoij,ven:1,col:bd10e0",36,TRUE,heterochromatin,Sep 01 2023 12H25,30 minutes,,,2D 12H,"Plotting, Determination of migration timing using the basement membrane mesh, Illustration of Figure 3, Illustration of Figure 4",E8
3500005824_34_raw_converted,0.77mW,0.8mW,TRUE,TRUE,s3://allencell/aics/emt_timelapse_dataset/data/3500005824_34_all_cells_mask.ome.zarr,https://allencell.s3.amazonaws.com/aics/emt_timelapse_dataset/data/3500005824_34_all_cells_mask.ome.zarr,https://volumeviewer.allencell.org/viewer?url=https%3A%2F%2Fallencell.s3.amazonaws.com%2Faics%2Femt_timelapse_dataset%2Fdata%2F3500005824_34_all_cells_mask.ome.zarr,1x1,"[[ 9.98916029e-01  1.80614086e-03 -1.05202507e+00]
 [-1.80614086e-03  9.98916029e-01  2.70893936e+00]
 [ 0.00000000e+00  0.00000000e+00  1.00000000e+00]]",AICS-0061,1,2,0,36,,,,,,Bright-field,mEGFP,CollagenIV,mTeSR ,,Mon Aug 28 2023,TCZYX,NA,None,,,,2D colony growth,50ms,https://allencell.s3.amazonaws.com/aics/emt_timelapse_dataset/data/3500005824_34_raw_converted.ome.zarr,mEGFP,HIST1H2BJ,Diluted Matrigel + DMEM/F12,,,,3,121,1848,1248,30,Sep 01 2023 13H16,ZSD-1,NA,Lot 118001 ,3500005824_34,20x/0.80,0.271,0.271,2.88,2,3500005824,36,FALSE,histone H2B type 1-J,"https://volumeviewer.allencell.org/viewer?url=https%3A%2F%2Fallencell.s3.amazonaws.com%2Faics%2Femt_timelapse_dataset%2Fdata%2F3500005824_34_raw_converted.ome.zarr,https%3A%2F%2Fallencell.s3.amazonaws.com%2Faics%2Femt_timelapse_dataset%2Fdata%2F3500005824_34_all_cells_mask.ome.zarr&t=24&mode=maxproject&c0=lut:0:autoij,ven:0&c1=lut:0:autoij,ven:1&c2=lut:0:autoij,ven:1,col:bd10e0&c3",s3://allencell/aics/emt_timelapse_dataset/data/3500005824_34_raw_converted.ome.zarr,https://allencell.s3.amazonaws.com/aics/emt_timelapse_dataset/data/3500005824_34_raw_converted.ome.zarr,"https://volumeviewer.allencell.org/viewer?url=https%3A%2F%2Fallencell.s3.amazonaws.com%2Faics%2Femt_timelapse_dataset%2Fdata%2F3500005824_34_raw_converted.ome.zarr&t=24&mode=maxproject&c0=lut:0:autoij,ven:0&c1=lut:0:autoij,ven:1&c2=lut:0:autoij,ven:1,col:bd10e0",34,TRUE,heterochromatin,Sep 01 2023 12H25,30 minutes,,,2D 12H,,D10
3500005824_33_raw_converted,0.77mW,0.8mW,TRUE,TRUE,s3://allencell/aics/emt_timelapse_dataset/data/3500005824_33_all_cells_mask.ome.zarr,https://allencell.s3.amazonaws.com/aics/emt_timelapse_dataset/data/3500005824_33_all_cells_mask.ome.zarr,https://volumeviewer.allencell.org/viewer?url=https%3A%2F%2Fallencell.s3.amazonaws.com%2Faics%2Femt_timelapse_dataset%2Fdata%2F3500005824_33_all_cells_mask.ome.zarr,1x1,"[[ 9.98916029e-01  1.80614086e-03 -1.05202507e+00]
 [-1.80614086e-03  9.98916029e-01  2.70893936e+00]
 [ 0.00000000e+00  0.00000000e+00  1.00000000e+00]]",AICS-0061,1,2,0,36,,,,,,Bright-field,mEGFP,CollagenIV,mTeSR ,,Mon Aug 28 2023,TCZYX,NA,None,,,,2D colony growth,50ms,https://allencell.s3.amazonaws.com/aics/emt_timelapse_dataset/data/3500005824_33_raw_converted.ome.zarr,mEGFP,HIST1H2BJ,Diluted Matrigel + DMEM/F12,,,,3,121,1848,1248,30,Sep 01 2023 13H16,ZSD-1,NA,Lot 118001 ,3500005824_33,20x/0.80,0.271,0.271,2.88,2,3500005824,34,FALSE,histone H2B type 1-J,"https://volumeviewer.allencell.org/viewer?url=https%3A%2F%2Fallencell.s3.amazonaws.com%2Faics%2Femt_timelapse_dataset%2Fdata%2F3500005824_33_raw_converted.ome.zarr,https%3A%2F%2Fallencell.s3.amazonaws.com%2Faics%2Femt_timelapse_dataset%2Fdata%2F3500005824_33_all_cells_mask.ome.zarr&t=24&mode=maxproject&c0=lut:0:autoij,ven:0&c1=lut:0:autoij,ven:1&c2=lut:0:autoij,ven:1,col:bd10e0&c3",s3://allencell/aics/emt_timelapse_dataset/data/3500005824_33_raw_converted.ome.zarr,https://allencell.s3.amazonaws.com/aics/emt_timelapse_dataset/data/3500005824_33_raw_converted.ome.zarr,"https://volumeviewer.allencell.org/viewer?url=https%3A%2F%2Fallencell.s3.amazonaws.com%2Faics%2Femt_timelapse_dataset%2Fdata%2F3500005824_33_raw_converted.ome.zarr&t=24&mode=maxproject&c0=lut:0:autoij,ven:0&c1=lut:0:autoij,ven:1&c2=lut:0:autoij,ven:1,col:bd10e0",33,TRUE,heterochromatin,Sep 01 2023 12H25,30 minutes,,,2D 12H,,D10
3500005824_32_raw_converted,0.77mW,0.8mW,TRUE,TRUE,s3://allencell/aics/emt_timelapse_dataset/data/3500005824_32_all_cells_mask.ome.zarr,https://allencell.s3.amazonaws.com/aics/emt_timelapse_dataset/data/3500005824_32_all_cells_mask.ome.zarr,https://volumeviewer.allencell.org/viewer?url=https%3A%2F%2Fallencell.s3.amazonaws.com%2Faics%2Femt_timelapse_dataset%2Fdata%2F3500005824_32_all_cells_mask.ome.zarr,1x1,"[[ 9.98916029e-01  1.80614086e-03 -1.05202507e+00]
 [-1.80614086e-03  9.98916029e-01  2.70893936e+00]
 [ 0.00000000e+00  0.00000000e+00  1.00000000e+00]]",AICS-0061,1,2,0,36,,,,,,Bright-field,mEGFP,CollagenIV,mTeSR ,,Mon Aug 28 2023,TCZYX,NA,None,,,,2D colony growth,50ms,https://allencell.s3.amazonaws.com/aics/emt_timelapse_dataset/data/3500005824_32_raw_converted.ome.zarr,mEGFP,HIST1H2BJ,Diluted Matrigel + DMEM/F12,,,,3,121,1848,1248,30,Sep 01 2023 13H16,ZSD-1,NA,Lot 118001 ,3500005824_32,20x/0.80,0.271,0.271,2.88,2,3500005824,35,FALSE,histone H2B type 1-J,"https://volumeviewer.allencell.org/viewer?url=https%3A%2F%2Fallencell.s3.amazonaws.com%2Faics%2Femt_timelapse_dataset%2Fdata%2F3500005824_32_raw_converted.ome.zarr,https%3A%2F%2Fallencell.s3.amazonaws.com%2Faics%2Femt_timelapse_dataset%2Fdata%2F3500005824_32_all_cells_mask.ome.zarr&t=24&mode=maxproject&c0=lut:0:autoij,ven:0&c1=lut:0:autoij,ven:1&c2=lut:0:autoij,ven:1,col:bd10e0&c3",s3://allencell/aics/emt_timelapse_dataset/data/3500005824_32_raw_converted.ome.zarr,https://allencell.s3.amazonaws.com/aics/emt_timelapse_dataset/data/3500005824_32_raw_converted.ome.zarr,"https://volumeviewer.allencell.org/viewer?url=https%3A%2F%2Fallencell.s3.amazonaws.com%2Faics%2Femt_timelapse_dataset%2Fdata%2F3500005824_32_raw_converted.ome.zarr&t=24&mode=maxproject&c0=lut:0:autoij,ven:0&c1=lut:0:autoij,ven:1&c2=lut:0:autoij,ven:1,col:bd10e0",32,TRUE,heterochromatin,Sep 01 2023 12H25,30 minutes,,,2D 12H,Illustration of Figure 2,D10
3500005824_28_raw_converted,0.77mW,0.8mW,TRUE,TRUE,s3://allencell/aics/emt_timelapse_dataset/data/3500005824_28_all_cells_mask.ome.zarr,https://allencell.s3.amazonaws.com/aics/emt_timelapse_dataset/data/3500005824_28_all_cells_mask.ome.zarr,https://volumeviewer.allencell.org/viewer?url=https%3A%2F%2Fallencell.s3.amazonaws.com%2Faics%2Femt_timelapse_dataset%2Fdata%2F3500005824_28_all_cells_mask.ome.zarr,1x1,"[[ 9.98916029e-01  1.80614086e-03 -1.05202507e+00]
 [-1.80614086e-03  9.98916029e-01  2.70893936e+00]
 [ 0.00000000e+00  0.00000000e+00  1.00000000e+00]]",AICS-0061,1,2,0,36,,,,,,Bright-field,mEGFP,CollagenIV,mTeSR ,,Mon Aug 28 2023,TCZYX,NA,None,,,,2D PLF colony growth,50ms,https://allencell.s3.amazonaws.com/aics/emt_timelapse_dataset/data/3500005824_28_raw_converted.ome.zarr,mEGFP,HIST1H2BJ,PLF (8.33ug/mL Fibronectin and 8.33ug/mL rhLaminin-521  and 0.08mg/mL Poly-D-Lysine),,,,3,121,1848,1248,30,Sep 01 2023 13H16,ZSD-1,NA,NA,3500005824_28,20x/0.80,0.271,0.271,2.88,2,3500005824,30,FALSE,histone H2B type 1-J,"https://volumeviewer.allencell.org/viewer?url=https%3A%2F%2Fallencell.s3.amazonaws.com%2Faics%2Femt_timelapse_dataset%2Fdata%2F3500005824_28_raw_converted.ome.zarr,https%3A%2F%2Fallencell.s3.amazonaws.com%2Faics%2Femt_timelapse_dataset%2Fdata%2F3500005824_28_all_cells_mask.ome.zarr&t=24&mode=maxproject&c0=lut:0:autoij,ven:0&c1=lut:0:autoij,ven:1&c2=lut:0:autoij,ven:1,col:bd10e0&c3",s3://allencell/aics/emt_timelapse_dataset/data/3500005824_28_raw_converted.ome.zarr,https://allencell.s3.amazonaws.com/aics/emt_timelapse_dataset/data/3500005824_28_raw_converted.ome.zarr,"https://volumeviewer.allencell.org/viewer?url=https%3A%2F%2Fallencell.s3.amazonaws.com%2Faics%2Femt_timelapse_dataset%2Fdata%2F3500005824_28_raw_converted.ome.zarr&t=24&mode=maxproject&c0=lut:0:autoij,ven:0&c1=lut:0:autoij,ven:1&c2=lut:0:autoij,ven:1,col:bd10e0",28,TRUE,heterochromatin,Sep 01 2023 12H25,30 minutes,,,2D 12H,,D6
3500005824_27_raw_converted,0.77mW,0.8mW,TRUE,TRUE,s3://allencell/aics/emt_timelapse_dataset/data/3500005824_27_all_cells_mask.ome.zarr,https://allencell.s3.amazonaws.com/aics/emt_timelapse_dataset/data/3500005824_27_all_cells_mask.ome.zarr,https://volumeviewer.allencell.org/viewer?url=https%3A%2F%2Fallencell.s3.amazonaws.com%2Faics%2Femt_timelapse_dataset%2Fdata%2F3500005824_27_all_cells_mask.ome.zarr,1x1,"[[ 9.98916029e-01  1.80614086e-03 -1.05202507e+00]
 [-1.80614086e-03  9.98916029e-01  2.70893936e+00]
 [ 0.00000000e+00  0.00000000e+00  1.00000000e+00]]",AICS-0061,1,2,0,36,,,,,,Bright-field,mEGFP,CollagenIV,mTeSR ,,Mon Aug 28 2023,TCZYX,NA,None,,,,2D PLF colony growth,50ms,https://allencell.s3.amazonaws.com/aics/emt_timelapse_dataset/data/3500005824_27_raw_converted.ome.zarr,mEGFP,HIST1H2BJ,PLF (8.33ug/mL Fibronectin and 8.33ug/mL rhLaminin-521  and 0.08mg/mL Poly-D-Lysine),,,,3,121,1848,1248,30,Sep 01 2023 13H16,ZSD-1,NA,NA,3500005824_27,20x/0.80,0.271,0.271,2.88,2,3500005824,29,FALSE,histone H2B type 1-J,"https://volumeviewer.allencell.org/viewer?url=https%3A%2F%2Fallencell.s3.amazonaws.com%2Faics%2Femt_timelapse_dataset%2Fdata%2F3500005824_27_raw_converted.ome.zarr,https%3A%2F%2Fallencell.s3.amazonaws.com%2Faics%2Femt_timelapse_dataset%2Fdata%2F3500005824_27_all_cells_mask.ome.zarr&t=24&mode=maxproject&c0=lut:0:autoij,ven:0&c1=lut:0:autoij,ven:1&c2=lut:0:autoij,ven:1,col:bd10e0&c3",s3://allencell/aics/emt_timelapse_dataset/data/3500005824_27_raw_converted.ome.zarr,https://allencell.s3.amazonaws.com/aics/emt_timelapse_dataset/data/3500005824_27_raw_converted.ome.zarr,"https://volumeviewer.allencell.org/viewer?url=https%3A%2F%2Fallencell.s3.amazonaws.com%2Faics%2Femt_timelapse_dataset%2Fdata%2F3500005824_27_raw_converted.ome.zarr&t=24&mode=maxproject&c0=lut:0:autoij,ven:0&c1=lut:0:autoij,ven:1&c2=lut:0:autoij,ven:1,col:bd10e0",27,TRUE,heterochromatin,Sep 01 2023 12H25,30 minutes,,,2D 12H,,D6
3500005824_26_raw_converted,0.77mW,0.8mW,TRUE,TRUE,s3://allencell/aics/emt_timelapse_dataset/data/3500005824_26_all_cells_mask.ome.zarr,https://allencell.s3.amazonaws.com/aics/emt_timelapse_dataset/data/3500005824_26_all_cells_mask.ome.zarr,https://volumeviewer.allencell.org/viewer?url=https%3A%2F%2Fallencell.s3.amazonaws.com%2Faics%2Femt_timelapse_dataset%2Fdata%2F3500005824_26_all_cells_mask.ome.zarr,1x1,"[[ 9.98916029e-01  1.80614086e-03 -1.05202507e+00]
 [-1.80614086e-03  9.98916029e-01  2.70893936e+00]
 [ 0.00000000e+00  0.00000000e+00  1.00000000e+00]]",AICS-0061,1,2,0,36,,,,,,Bright-field,mEGFP,CollagenIV,mTeSR ,,Mon Aug 28 2023,TCZYX,NA,None,,,,2D PLF colony growth,50ms,https://allencell.s3.amazonaws.com/aics/emt_timelapse_dataset/data/3500005824_26_raw_converted.ome.zarr,mEGFP,HIST1H2BJ,PLF (8.33ug/mL Fibronectin and 8.33ug/mL rhLaminin-521  and 0.08mg/mL Poly-D-Lysine),,,,3,121,1848,1248,30,Sep 01 2023 13H16,ZSD-1,NA,NA,3500005824_26,20x/0.80,0.271,0.271,2.88,2,3500005824,28,FALSE,histone H2B type 1-J,"https://volumeviewer.allencell.org/viewer?url=https%3A%2F%2Fallencell.s3.amazonaws.com%2Faics%2Femt_timelapse_dataset%2Fdata%2F3500005824_26_raw_converted.ome.zarr,https%3A%2F%2Fallencell.s3.amazonaws.com%2Faics%2Femt_timelapse_dataset%2Fdata%2F3500005824_26_all_cells_mask.ome.zarr&t=24&mode=maxproject&c0=lut:0:autoij,ven:0&c1=lut:0:autoij,ven:1&c2=lut:0:autoij,ven:1,col:bd10e0&c3",s3://allencell/aics/emt_timelapse_dataset/data/3500005824_26_raw_converted.ome.zarr,https://allencell.s3.amazonaws.com/aics/emt_timelapse_dataset/data/3500005824_26_raw_converted.ome.zarr,"https://volumeviewer.allencell.org/viewer?url=https%3A%2F%2Fallencell.s3.amazonaws.com%2Faics%2Femt_timelapse_dataset%2Fdata%2F3500005824_26_raw_converted.ome.zarr&t=24&mode=maxproject&c0=lut:0:autoij,ven:0&c1=lut:0:autoij,ven:1&c2=lut:0:autoij,ven:1,col:bd10e0",26,TRUE,heterochromatin,Sep 01 2023 12H25,30 minutes,,,2D 12H,,D6
3500005824_18_raw_converted,0.77mW,0.8mW,TRUE,TRUE,s3://allencell/aics/emt_timelapse_dataset/data/3500005824_18_all_cells_mask.ome.zarr,https://allencell.s3.amazonaws.com/aics/emt_timelapse_dataset/data/3500005824_18_all_cells_mask.ome.zarr,https://volumeviewer.allencell.org/viewer?url=https%3A%2F%2Fallencell.s3.amazonaws.com%2Faics%2Femt_timelapse_dataset%2Fdata%2F3500005824_18_all_cells_mask.ome.zarr,1x1,"[[ 9.98916029e-01  1.80614086e-03 -1.05202507e+00]
 [-1.80614086e-03  9.98916029e-01  2.70893936e+00]
 [ 0.00000000e+00  0.00000000e+00  1.00000000e+00]]",AICS-0061,1,2,0,36,,,,,,Bright-field,mEGFP,CollagenIV,mTeSR ,,Mon Aug 28 2023,TCZYX,Matrigel at 1:60 in culture media,None,,,,2D to 3D lumenoid formation,50ms,https://allencell.s3.amazonaws.com/aics/emt_timelapse_dataset/data/3500005824_18_raw_converted.ome.zarr,mEGFP,HIST1H2BJ,Diluted Matrigel + DMEM/F12,,,,3,121,1848,1248,30,Sep 01 2023 13H16,ZSD-1,At T0,Lot 118001 ,3500005824_18,20x/0.80,0.271,0.271,2.88,2,3500005824,20,FALSE,histone H2B type 1-J,"https://volumeviewer.allencell.org/viewer?url=https%3A%2F%2Fallencell.s3.amazonaws.com%2Faics%2Femt_timelapse_dataset%2Fdata%2F3500005824_18_raw_converted.ome.zarr,https%3A%2F%2Fallencell.s3.amazonaws.com%2Faics%2Femt_timelapse_dataset%2Fdata%2F3500005824_18_all_cells_mask.ome.zarr&t=24&mode=maxproject&c0=lut:0:autoij,ven:0&c1=lut:0:autoij,ven:1&c2=lut:0:autoij,ven:1,col:bd10e0&c3",s3://allencell/aics/emt_timelapse_dataset/data/3500005824_18_raw_converted.ome.zarr,https://allencell.s3.amazonaws.com/aics/emt_timelapse_dataset/data/3500005824_18_raw_converted.ome.zarr,"https://volumeviewer.allencell.org/viewer?url=https%3A%2F%2Fallencell.s3.amazonaws.com%2Faics%2Femt_timelapse_dataset%2Fdata%2F3500005824_18_raw_converted.ome.zarr&t=24&mode=maxproject&c0=lut:0:autoij,ven:0&c1=lut:0:autoij,ven:1&c2=lut:0:autoij,ven:1,col:bd10e0",18,TRUE,heterochromatin,Sep 01 2023 12H25,30 minutes,,,2D 12H,,B11
3500005824_17_raw_converted,0.77mW,0.8mW,TRUE,TRUE,s3://allencell/aics/emt_timelapse_dataset/data/3500005824_17_all_cells_mask.ome.zarr,https://allencell.s3.amazonaws.com/aics/emt_timelapse_dataset/data/3500005824_17_all_cells_mask.ome.zarr,https://volumeviewer.allencell.org/viewer?url=https%3A%2F%2Fallencell.s3.amazonaws.com%2Faics%2Femt_timelapse_dataset%2Fdata%2F3500005824_17_all_cells_mask.ome.zarr,1x1,"[[ 9.98916029e-01  1.80614086e-03 -1.05202507e+00]
 [-1.80614086e-03  9.98916029e-01  2.70893936e+00]
 [ 0.00000000e+00  0.00000000e+00  1.00000000e+00]]",AICS-0061,1,2,0,36,,,,,,Bright-field,mEGFP,CollagenIV,mTeSR ,,Mon Aug 28 2023,TCZYX,Matrigel at 1:60 in culture media,None,,,,2D to 3D lumenoid formation,50ms,https://allencell.s3.amazonaws.com/aics/emt_timelapse_dataset/data/3500005824_17_raw_converted.ome.zarr,mEGFP,HIST1H2BJ,Diluted Matrigel + DMEM/F12,,,,3,121,1848,1248,30,Sep 01 2023 13H16,ZSD-1,At T0,Lot 118001 ,3500005824_17,20x/0.80,0.271,0.271,2.88,2,3500005824,21,FALSE,histone H2B type 1-J,"https://volumeviewer.allencell.org/viewer?url=https%3A%2F%2Fallencell.s3.amazonaws.com%2Faics%2Femt_timelapse_dataset%2Fdata%2F3500005824_17_raw_converted.ome.zarr,https%3A%2F%2Fallencell.s3.amazonaws.com%2Faics%2Femt_timelapse_dataset%2Fdata%2F3500005824_17_all_cells_mask.ome.zarr&t=24&mode=maxproject&c0=lut:0:autoij,ven:0&c1=lut:0:autoij,ven:1&c2=lut:0:autoij,ven:1,col:bd10e0&c3",s3://allencell/aics/emt_timelapse_dataset/data/3500005824_17_raw_converted.ome.zarr,https://allencell.s3.amazonaws.com/aics/emt_timelapse_dataset/data/3500005824_17_raw_converted.ome.zarr,"https://volumeviewer.allencell.org/viewer?url=https%3A%2F%2Fallencell.s3.amazonaws.com%2Faics%2Femt_timelapse_dataset%2Fdata%2F3500005824_17_raw_converted.ome.zarr&t=24&mode=maxproject&c0=lut:0:autoij,ven:0&c1=lut:0:autoij,ven:1&c2=lut:0:autoij,ven:1,col:bd10e0",17,TRUE,heterochromatin,Sep 01 2023 12H25,30 minutes,,,2D 12H,,B11
3500005824_16_raw_converted,0.77mW,0.8mW,TRUE,TRUE,s3://allencell/aics/emt_timelapse_dataset/data/3500005824_16_all_cells_mask.ome.zarr,https://allencell.s3.amazonaws.com/aics/emt_timelapse_dataset/data/3500005824_16_all_cells_mask.ome.zarr,https://volumeviewer.allencell.org/viewer?url=https%3A%2F%2Fallencell.s3.amazonaws.com%2Faics%2Femt_timelapse_dataset%2Fdata%2F3500005824_16_all_cells_mask.ome.zarr,1x1,"[[ 9.98916029e-01  1.80614086e-03 -1.05202507e+00]
 [-1.80614086e-03  9.98916029e-01  2.70893936e+00]
 [ 0.00000000e+00  0.00000000e+00  1.00000000e+00]]",AICS-0061,1,2,0,36,,,,,,Bright-field,mEGFP,CollagenIV,mTeSR ,,Mon Aug 28 2023,TCZYX,Matrigel at 1:60 in culture media,None,,,,2D to 3D lumenoid formation,50ms,https://allencell.s3.amazonaws.com/aics/emt_timelapse_dataset/data/3500005824_16_raw_converted.ome.zarr,mEGFP,HIST1H2BJ,Diluted Matrigel + DMEM/F12,,,,3,121,1848,1248,30,Sep 01 2023 13H16,ZSD-1,At T0,Lot 118001 ,3500005824_16,20x/0.80,0.271,0.271,2.88,2,3500005824,19,FALSE,histone H2B type 1-J,"https://volumeviewer.allencell.org/viewer?url=https%3A%2F%2Fallencell.s3.amazonaws.com%2Faics%2Femt_timelapse_dataset%2Fdata%2F3500005824_16_raw_converted.ome.zarr,https%3A%2F%2Fallencell.s3.amazonaws.com%2Faics%2Femt_timelapse_dataset%2Fdata%2F3500005824_16_all_cells_mask.ome.zarr&t=24&mode=maxproject&c0=lut:0:autoij,ven:0&c1=lut:0:autoij,ven:1&c2=lut:0:autoij,ven:1,col:bd10e0&c3",s3://allencell/aics/emt_timelapse_dataset/data/3500005824_16_raw_converted.ome.zarr,https://allencell.s3.amazonaws.com/aics/emt_timelapse_dataset/data/3500005824_16_raw_converted.ome.zarr,"https://volumeviewer.allencell.org/viewer?url=https%3A%2F%2Fallencell.s3.amazonaws.com%2Faics%2Femt_timelapse_dataset%2Fdata%2F3500005824_16_raw_converted.ome.zarr&t=24&mode=maxproject&c0=lut:0:autoij,ven:0&c1=lut:0:autoij,ven:1&c2=lut:0:autoij,ven:1,col:bd10e0",16,TRUE,heterochromatin,Sep 01 2023 12H25,30 minutes,,,2D 12H,Illustration of Figure 2,B11
3500005824_9_raw_converted,0.77mW,0.8mW,TRUE,TRUE,s3://allencell/aics/emt_timelapse_dataset/data/3500005824_9_all_cells_mask.ome.zarr,https://allencell.s3.amazonaws.com/aics/emt_timelapse_dataset/data/3500005824_9_all_cells_mask.ome.zarr,https://volumeviewer.allencell.org/viewer?url=https%3A%2F%2Fallencell.s3.amazonaws.com%2Faics%2Femt_timelapse_dataset%2Fdata%2F3500005824_9_all_cells_mask.ome.zarr,1x1,"[[ 9.98916029e-01  1.80614086e-03 -1.05202507e+00]
 [-1.80614086e-03  9.98916029e-01  2.70893936e+00]
 [ 0.00000000e+00  0.00000000e+00  1.00000000e+00]]",AICS-0061,1,2,0,36,,,,,,Bright-field,mEGFP,CollagenIV,mTeSR ,,Mon Aug 28 2023,TCZYX,Matrigel at 1:60 in culture media,None,,,,2D PLF to 3D lumenoid formation,50ms,https://allencell.s3.amazonaws.com/aics/emt_timelapse_dataset/data/3500005824_9_raw_converted.ome.zarr,mEGFP,HIST1H2BJ,PLF (8.33ug/mL Fibronectin and 8.33ug/mL rhLaminin-521  and 0.08mg/mL Poly-D-Lysine),,,,3,121,1848,1248,30,Sep 01 2023 13H16,ZSD-1,At T0,Lot 118001 ,3500005824_9,20x/0.80,0.271,0.271,2.88,2,3500005824,9,FALSE,histone H2B type 1-J,"https://volumeviewer.allencell.org/viewer?url=https%3A%2F%2Fallencell.s3.amazonaws.com%2Faics%2Femt_timelapse_dataset%2Fdata%2F3500005824_9_raw_converted.ome.zarr,https%3A%2F%2Fallencell.s3.amazonaws.com%2Faics%2Femt_timelapse_dataset%2Fdata%2F3500005824_9_all_cells_mask.ome.zarr&t=24&mode=maxproject&c0=lut:0:autoij,ven:0&c1=lut:0:autoij,ven:1&c2=lut:0:autoij,ven:1,col:bd10e0&c3",s3://allencell/aics/emt_timelapse_dataset/data/3500005824_9_raw_converted.ome.zarr,https://allencell.s3.amazonaws.com/aics/emt_timelapse_dataset/data/3500005824_9_raw_converted.ome.zarr,"https://volumeviewer.allencell.org/viewer?url=https%3A%2F%2Fallencell.s3.amazonaws.com%2Faics%2Femt_timelapse_dataset%2Fdata%2F3500005824_9_raw_converted.ome.zarr&t=24&mode=maxproject&c0=lut:0:autoij,ven:0&c1=lut:0:autoij,ven:1&c2=lut:0:autoij,ven:1,col:bd10e0",9,TRUE,heterochromatin,Sep 01 2023 12H25,30 minutes,,,2D 12H,,B6
3500005824_8_raw_converted,0.77mW,0.8mW,TRUE,TRUE,s3://allencell/aics/emt_timelapse_dataset/data/3500005824_8_all_cells_mask.ome.zarr,https://allencell.s3.amazonaws.com/aics/emt_timelapse_dataset/data/3500005824_8_all_cells_mask.ome.zarr,https://volumeviewer.allencell.org/viewer?url=https%3A%2F%2Fallencell.s3.amazonaws.com%2Faics%2Femt_timelapse_dataset%2Fdata%2F3500005824_8_all_cells_mask.ome.zarr,1x1,"[[ 9.98916029e-01  1.80614086e-03 -1.05202507e+00]
 [-1.80614086e-03  9.98916029e-01  2.70893936e+00]
 [ 0.00000000e+00  0.00000000e+00  1.00000000e+00]]",AICS-0061,1,2,0,36,,,,,,Bright-field,mEGFP,CollagenIV,mTeSR ,,Mon Aug 28 2023,TCZYX,Matrigel at 1:60 in culture media,None,,,,2D PLF to 3D lumenoid formation,50ms,https://allencell.s3.amazonaws.com/aics/emt_timelapse_dataset/data/3500005824_8_raw_converted.ome.zarr,mEGFP,HIST1H2BJ,PLF (8.33ug/mL Fibronectin and 8.33ug/mL rhLaminin-521  and 0.08mg/mL Poly-D-Lysine),,,,3,121,1848,1248,30,Sep 01 2023 13H16,ZSD-1,At T0,Lot 118001 ,3500005824_8,20x/0.80,0.271,0.271,2.88,2,3500005824,8,FALSE,histone H2B type 1-J,"https://volumeviewer.allencell.org/viewer?url=https%3A%2F%2Fallencell.s3.amazonaws.com%2Faics%2Femt_timelapse_dataset%2Fdata%2F3500005824_8_raw_converted.ome.zarr,https%3A%2F%2Fallencell.s3.amazonaws.com%2Faics%2Femt_timelapse_dataset%2Fdata%2F3500005824_8_all_cells_mask.ome.zarr&t=24&mode=maxproject&c0=lut:0:autoij,ven:0&c1=lut:0:autoij,ven:1&c2=lut:0:autoij,ven:1,col:bd10e0&c3",s3://allencell/aics/emt_timelapse_dataset/data/3500005824_8_raw_converted.ome.zarr,https://allencell.s3.amazonaws.com/aics/emt_timelapse_dataset/data/3500005824_8_raw_converted.ome.zarr,"https://volumeviewer.allencell.org/viewer?url=https%3A%2F%2Fallencell.s3.amazonaws.com%2Faics%2Femt_timelapse_dataset%2Fdata%2F3500005824_8_raw_converted.ome.zarr&t=24&mode=maxproject&c0=lut:0:autoij,ven:0&c1=lut:0:autoij,ven:1&c2=lut:0:autoij,ven:1,col:bd10e0",8,TRUE,heterochromatin,Sep 01 2023 12H25,30 minutes,,,2D 12H,,B6
3500005824_7_raw_converted,0.77mW,0.8mW,TRUE,TRUE,s3://allencell/aics/emt_timelapse_dataset/data/3500005824_7_all_cells_mask.ome.zarr,https://allencell.s3.amazonaws.com/aics/emt_timelapse_dataset/data/3500005824_7_all_cells_mask.ome.zarr,https://volumeviewer.allencell.org/viewer?url=https%3A%2F%2Fallencell.s3.amazonaws.com%2Faics%2Femt_timelapse_dataset%2Fdata%2F3500005824_7_all_cells_mask.ome.zarr,1x1,"[[ 9.98916029e-01  1.80614086e-03 -1.05202507e+00]
 [-1.80614086e-03  9.98916029e-01  2.70893936e+00]
 [ 0.00000000e+00  0.00000000e+00  1.00000000e+00]]",AICS-0061,1,2,0,36,,,,,,Bright-field,mEGFP,CollagenIV,mTeSR ,,Mon Aug 28 2023,TCZYX,Matrigel at 1:60 in culture media,None,,,,2D PLF to 3D lumenoid formation,50ms,https://allencell.s3.amazonaws.com/aics/emt_timelapse_dataset/data/3500005824_7_raw_converted.ome.zarr,mEGFP,HIST1H2BJ,PLF (8.33ug/mL Fibronectin and 8.33ug/mL rhLaminin-521  and 0.08mg/mL Poly-D-Lysine),,,,3,121,1848,1248,30,Sep 01 2023 13H16,ZSD-1,At T0,Lot 118001 ,3500005824_7,20x/0.80,0.271,0.271,2.88,2,3500005824,7,FALSE,histone H2B type 1-J,"https://volumeviewer.allencell.org/viewer?url=https%3A%2F%2Fallencell.s3.amazonaws.com%2Faics%2Femt_timelapse_dataset%2Fdata%2F3500005824_7_raw_converted.ome.zarr,https%3A%2F%2Fallencell.s3.amazonaws.com%2Faics%2Femt_timelapse_dataset%2Fdata%2F3500005824_7_all_cells_mask.ome.zarr&t=24&mode=maxproject&c0=lut:0:autoij,ven:0&c1=lut:0:autoij,ven:1&c2=lut:0:autoij,ven:1,col:bd10e0&c3",s3://allencell/aics/emt_timelapse_dataset/data/3500005824_7_raw_converted.ome.zarr,https://allencell.s3.amazonaws.com/aics/emt_timelapse_dataset/data/3500005824_7_raw_converted.ome.zarr,"https://volumeviewer.allencell.org/viewer?url=https%3A%2F%2Fallencell.s3.amazonaws.com%2Faics%2Femt_timelapse_dataset%2Fdata%2F3500005824_7_raw_converted.ome.zarr&t=24&mode=maxproject&c0=lut:0:autoij,ven:0&c1=lut:0:autoij,ven:1&c2=lut:0:autoij,ven:1,col:bd10e0",7,TRUE,heterochromatin,Sep 01 2023 12H25,30 minutes,,,2D 12H,,B6
3500005824_31_raw_converted,0.77mW,0.8mW,TRUE,TRUE,s3://allencell/aics/emt_timelapse_dataset/data/3500005824_31_all_cells_mask.ome.zarr,https://allencell.s3.amazonaws.com/aics/emt_timelapse_dataset/data/3500005824_31_all_cells_mask.ome.zarr,https://volumeviewer.allencell.org/viewer?url=https%3A%2F%2Fallencell.s3.amazonaws.com%2Faics%2Femt_timelapse_dataset%2Fdata%2F3500005824_31_all_cells_mask.ome.zarr,1x1,"[[ 9.98916029e-01  1.80614086e-03 -1.05202507e+00]
 [-1.80614086e-03  9.98916029e-01  2.70893936e+00]
 [ 0.00000000e+00  0.00000000e+00  1.00000000e+00]]",AICS-0061,1,2,0,36,,,,,,Bright-field,mEGFP,CollagenIV,RPMI+B27 minus insulin ,,Mon Aug 28 2023,TCZYX,NA,5uM CHIR in culture media,,,,2D EMT no MG,50ms,https://allencell.s3.amazonaws.com/aics/emt_timelapse_dataset/data/3500005824_31_raw_converted.ome.zarr,mEGFP,HIST1H2BJ,Diluted Matrigel + DMEM/F12,,,,3,121,1848,1248,30,Sep 01 2023 13H16,ZSD-1,NA,Lot 118001 ,3500005824_31,20x/0.80,0.271,0.271,2.88,2,3500005824,33,TRUE,histone H2B type 1-J,"https://volumeviewer.allencell.org/viewer?url=https%3A%2F%2Fallencell.s3.amazonaws.com%2Faics%2Femt_timelapse_dataset%2Fdata%2F3500005824_31_raw_converted.ome.zarr,https%3A%2F%2Fallencell.s3.amazonaws.com%2Faics%2Femt_timelapse_dataset%2Fdata%2F3500005824_31_all_cells_mask.ome.zarr&t=24&mode=maxproject&c0=lut:0:autoij,ven:0&c1=lut:0:autoij,ven:1&c2=lut:0:autoij,ven:1,col:bd10e0&c3",s3://allencell/aics/emt_timelapse_dataset/data/3500005824_31_raw_converted.ome.zarr,https://allencell.s3.amazonaws.com/aics/emt_timelapse_dataset/data/3500005824_31_raw_converted.ome.zarr,"https://volumeviewer.allencell.org/viewer?url=https%3A%2F%2Fallencell.s3.amazonaws.com%2Faics%2Femt_timelapse_dataset%2Fdata%2F3500005824_31_raw_converted.ome.zarr&t=24&mode=maxproject&c0=lut:0:autoij,ven:0&c1=lut:0:autoij,ven:1&c2=lut:0:autoij,ven:1,col:bd10e0",31,TRUE,heterochromatin,Sep 01 2023 12H25,30 minutes,,,2D 12H,,D7
3500005824_30_raw_converted,0.77mW,0.8mW,TRUE,TRUE,s3://allencell/aics/emt_timelapse_dataset/data/3500005824_30_all_cells_mask.ome.zarr,https://allencell.s3.amazonaws.com/aics/emt_timelapse_dataset/data/3500005824_30_all_cells_mask.ome.zarr,https://volumeviewer.allencell.org/viewer?url=https%3A%2F%2Fallencell.s3.amazonaws.com%2Faics%2Femt_timelapse_dataset%2Fdata%2F3500005824_30_all_cells_mask.ome.zarr,1x1,"[[ 9.98916029e-01  1.80614086e-03 -1.05202507e+00]
 [-1.80614086e-03  9.98916029e-01  2.70893936e+00]
 [ 0.00000000e+00  0.00000000e+00  1.00000000e+00]]",AICS-0061,1,2,0,36,,,,,,Bright-field,mEGFP,CollagenIV,RPMI+B27 minus insulin ,,Mon Aug 28 2023,TCZYX,NA,5uM CHIR in culture media,,,,2D EMT no MG,50ms,https://allencell.s3.amazonaws.com/aics/emt_timelapse_dataset/data/3500005824_30_raw_converted.ome.zarr,mEGFP,HIST1H2BJ,Diluted Matrigel + DMEM/F12,,,,3,121,1848,1248,30,Sep 01 2023 13H16,ZSD-1,NA,Lot 118001 ,3500005824_30,20x/0.80,0.271,0.271,2.88,2,3500005824,32,TRUE,histone H2B type 1-J,"https://volumeviewer.allencell.org/viewer?url=https%3A%2F%2Fallencell.s3.amazonaws.com%2Faics%2Femt_timelapse_dataset%2Fdata%2F3500005824_30_raw_converted.ome.zarr,https%3A%2F%2Fallencell.s3.amazonaws.com%2Faics%2Femt_timelapse_dataset%2Fdata%2F3500005824_30_all_cells_mask.ome.zarr&t=24&mode=maxproject&c0=lut:0:autoij,ven:0&c1=lut:0:autoij,ven:1&c2=lut:0:autoij,ven:1,col:bd10e0&c3",s3://allencell/aics/emt_timelapse_dataset/data/3500005824_30_raw_converted.ome.zarr,https://allencell.s3.amazonaws.com/aics/emt_timelapse_dataset/data/3500005824_30_raw_converted.ome.zarr,"https://volumeviewer.allencell.org/viewer?url=https%3A%2F%2Fallencell.s3.amazonaws.com%2Faics%2Femt_timelapse_dataset%2Fdata%2F3500005824_30_raw_converted.ome.zarr&t=24&mode=maxproject&c0=lut:0:autoij,ven:0&c1=lut:0:autoij,ven:1&c2=lut:0:autoij,ven:1,col:bd10e0",30,TRUE,heterochromatin,Sep 01 2023 12H25,30 minutes,,,2D 12H,,D7
3500005824_29_raw_converted,0.77mW,0.8mW,TRUE,TRUE,s3://allencell/aics/emt_timelapse_dataset/data/3500005824_29_all_cells_mask.ome.zarr,https://allencell.s3.amazonaws.com/aics/emt_timelapse_dataset/data/3500005824_29_all_cells_mask.ome.zarr,https://volumeviewer.allencell.org/viewer?url=https%3A%2F%2Fallencell.s3.amazonaws.com%2Faics%2Femt_timelapse_dataset%2Fdata%2F3500005824_29_all_cells_mask.ome.zarr,1x1,"[[ 9.98916029e-01  1.80614086e-03 -1.05202507e+00]
 [-1.80614086e-03  9.98916029e-01  2.70893936e+00]
 [ 0.00000000e+00  0.00000000e+00  1.00000000e+00]]",AICS-0061,1,2,0,36,,,,,,Bright-field,mEGFP,CollagenIV,RPMI+B27 minus insulin ,,Mon Aug 28 2023,TCZYX,NA,5uM CHIR in culture media,,,,2D EMT no MG,50ms,https://allencell.s3.amazonaws.com/aics/emt_timelapse_dataset/data/3500005824_29_raw_converted.ome.zarr,mEGFP,HIST1H2BJ,Diluted Matrigel + DMEM/F12,,,,3,121,1848,1248,30,Sep 01 2023 13H16,ZSD-1,NA,Lot 118001 ,3500005824_29,20x/0.80,0.271,0.271,2.88,2,3500005824,31,TRUE,histone H2B type 1-J,"https://volumeviewer.allencell.org/viewer?url=https%3A%2F%2Fallencell.s3.amazonaws.com%2Faics%2Femt_timelapse_dataset%2Fdata%2F3500005824_29_raw_converted.ome.zarr,https%3A%2F%2Fallencell.s3.amazonaws.com%2Faics%2Femt_timelapse_dataset%2Fdata%2F3500005824_29_all_cells_mask.ome.zarr&t=24&mode=maxproject&c0=lut:0:autoij,ven:0&c1=lut:0:autoij,ven:1&c2=lut:0:autoij,ven:1,col:bd10e0&c3",s3://allencell/aics/emt_timelapse_dataset/data/3500005824_29_raw_converted.ome.zarr,https://allencell.s3.amazonaws.com/aics/emt_timelapse_dataset/data/3500005824_29_raw_converted.ome.zarr,"https://volumeviewer.allencell.org/viewer?url=https%3A%2F%2Fallencell.s3.amazonaws.com%2Faics%2Femt_timelapse_dataset%2Fdata%2F3500005824_29_raw_converted.ome.zarr&t=24&mode=maxproject&c0=lut:0:autoij,ven:0&c1=lut:0:autoij,ven:1&c2=lut:0:autoij,ven:1,col:bd10e0",29,TRUE,heterochromatin,Sep 01 2023 12H25,30 minutes,,,2D 12H,,D7
3500005828_25_raw_converted,0.77mW,0.8mW,TRUE,TRUE,s3://allencell/aics/emt_timelapse_dataset/data/3500005828_25_all_cells_mask.ome.zarr,https://allencell.s3.amazonaws.com/aics/emt_timelapse_dataset/data/3500005828_25_all_cells_mask.ome.zarr,https://volumeviewer.allencell.org/viewer?url=https%3A%2F%2Fallencell.s3.amazonaws.com%2Faics%2Femt_timelapse_dataset%2Fdata%2F3500005828_25_all_cells_mask.ome.zarr,1x1,"[[ 1.00032919e+00 -1.69748711e-03  1.73339160e+00]
 [ 1.69748711e-03  1.00032919e+00 -1.42422099e+00]
 [ 0.00000000e+00  0.00000000e+00  1.00000000e+00]]",AICS-0061,1,2,0,36,,,,,,Bright-field,mEGFP,CollagenIV,RPMI+B27 minus insulin ,,Mon Sep 11 2023,TCZYX,Matrigel at 1:60 in culture media,5uM CHIR in culture media,,,,2D PLF colony EMT,50ms,https://allencell.s3.amazonaws.com/aics/emt_timelapse_dataset/data/3500005828_25_raw_converted.ome.zarr,mEGFP,HIST1H2BJ,PLF (8.33ug/mL Fibronectin and 8.33ug/mL rhLaminin-521  and 0.08mg/mL Poly-D-Lysine),s3://allencell/aics/emt_timelapse_dataset/data/3500005828_25_H2B_nuclear_segmentation.ome.zarr,https://allencell.s3.amazonaws.com/aics/emt_timelapse_dataset/data/3500005828_25_H2B_nuclear_segmentation.ome.zarr,https://volumeviewer.allencell.org/viewer?url=https%3A%2F%2Fallencell.s3.amazonaws.com%2Faics%2Femt_timelapse_dataset%2Fdata%2F3500005828_25_H2B_nuclear_segmentation.ome.zarr,3,121,1848,1248,30,Sep 15 2023 13H01,ZSD-2,NA,Lot 118001 ,3500005828_25,20x/0.80,0.271,0.271,2.88,2,3500005828,25,TRUE,histone H2B type 1-J,"https://volumeviewer.allencell.org/viewer?url=https%3A%2F%2Fallencell.s3.amazonaws.com%2Faics%2Femt_timelapse_dataset%2Fdata%2F3500005828_25_raw_converted.ome.zarr,https%3A%2F%2Fallencell.s3.amazonaws.com%2Faics%2Femt_timelapse_dataset%2Fdata%2F3500005828_25_all_cells_mask.ome.zarr,https%3A%2F%2Fallencell.s3.amazonaws.com%2Faics%2Femt_timelapse_dataset%2Fdata%2F3500005828_25_H2B_nuclear_segmentation.ome.zarr&t=24&mode=maxproject&c0=lut:0:autoij,ven:0&c1=lut:0:autoij,ven:1&c2=lut:0:autoij,ven:1,col:bd10e0&c3&c4",s3://allencell/aics/emt_timelapse_dataset/data/3500005828_25_raw_converted.ome.zarr,https://allencell.s3.amazonaws.com/aics/emt_timelapse_dataset/data/3500005828_25_raw_converted.ome.zarr,"https://volumeviewer.allencell.org/viewer?url=https%3A%2F%2Fallencell.s3.amazonaws.com%2Faics%2Femt_timelapse_dataset%2Fdata%2F3500005828_25_raw_converted.ome.zarr&t=24&mode=maxproject&c0=lut:0:autoij,ven:0&c1=lut:0:autoij,ven:1&c2=lut:0:autoij,ven:1,col:bd10e0",25,TRUE,heterochromatin,Sep 15 2023 12H40,30 minutes,,,2D 12H,Plotting,D5
3500005828_27_raw_converted,0.77mW,0.8mW,TRUE,FALSE,s3://allencell/aics/emt_timelapse_dataset/data/3500005828_27_all_cells_mask.ome.zarr,https://allencell.s3.amazonaws.com/aics/emt_timelapse_dataset/data/3500005828_27_all_cells_mask.ome.zarr,https://volumeviewer.allencell.org/viewer?url=https%3A%2F%2Fallencell.s3.amazonaws.com%2Faics%2Femt_timelapse_dataset%2Fdata%2F3500005828_27_all_cells_mask.ome.zarr,1x1,"[[ 1.00032919e+00 -1.69748711e-03  1.73339160e+00]
 [ 1.69748711e-03  1.00032919e+00 -1.42422099e+00]
 [ 0.00000000e+00  0.00000000e+00  1.00000000e+00]]",AICS-0061,1,2,0,36,,,,,,Bright-field,mEGFP,CollagenIV,RPMI+B27 minus insulin ,,Mon Sep 11 2023,TCZYX,Matrigel at 1:60 in culture media,5uM CHIR in culture media,,,,2D PLF colony EMT,50ms,https://allencell.s3.amazonaws.com/aics/emt_timelapse_dataset/data/3500005828_27_raw_converted.ome.zarr,mEGFP,HIST1H2BJ,PLF (8.33ug/mL Fibronectin and 8.33ug/mL rhLaminin-521  and 0.08mg/mL Poly-D-Lysine),s3://allencell/aics/emt_timelapse_dataset/data/3500005828_27_H2B_nuclear_segmentation.ome.zarr,https://allencell.s3.amazonaws.com/aics/emt_timelapse_dataset/data/3500005828_27_H2B_nuclear_segmentation.ome.zarr,https://volumeviewer.allencell.org/viewer?url=https%3A%2F%2Fallencell.s3.amazonaws.com%2Faics%2Femt_timelapse_dataset%2Fdata%2F3500005828_27_H2B_nuclear_segmentation.ome.zarr,3,121,1848,1248,30,Sep 15 2023 13H01,ZSD-2,NA,Lot 118001 ,3500005828_27,20x/0.80,0.271,0.271,2.88,2,3500005828,27,TRUE,histone H2B type 1-J,"https://volumeviewer.allencell.org/viewer?url=https%3A%2F%2Fallencell.s3.amazonaws.com%2Faics%2Femt_timelapse_dataset%2Fdata%2F3500005828_27_raw_converted.ome.zarr,https%3A%2F%2Fallencell.s3.amazonaws.com%2Faics%2Femt_timelapse_dataset%2Fdata%2F3500005828_27_all_cells_mask.ome.zarr,https%3A%2F%2Fallencell.s3.amazonaws.com%2Faics%2Femt_timelapse_dataset%2Fdata%2F3500005828_27_H2B_nuclear_segmentation.ome.zarr&t=24&mode=maxproject&c0=lut:0:autoij,ven:0&c1=lut:0:autoij,ven:1&c2=lut:0:autoij,ven:1,col:bd10e0&c3&c4",s3://allencell/aics/emt_timelapse_dataset/data/3500005828_27_raw_converted.ome.zarr,https://allencell.s3.amazonaws.com/aics/emt_timelapse_dataset/data/3500005828_27_raw_converted.ome.zarr,"https://volumeviewer.allencell.org/viewer?url=https%3A%2F%2Fallencell.s3.amazonaws.com%2Faics%2Femt_timelapse_dataset%2Fdata%2F3500005828_27_raw_converted.ome.zarr&t=24&mode=maxproject&c0=lut:0:autoij,ven:0&c1=lut:0:autoij,ven:1&c2=lut:0:autoij,ven:1,col:bd10e0",27,FALSE,heterochromatin,Sep 15 2023 12H40,30 minutes,,,2D 12H,,D5
3500005828_30_raw_converted,0.77mW,0.8mW,TRUE,TRUE,s3://allencell/aics/emt_timelapse_dataset/data/3500005828_30_all_cells_mask.ome.zarr,https://allencell.s3.amazonaws.com/aics/emt_timelapse_dataset/data/3500005828_30_all_cells_mask.ome.zarr,https://volumeviewer.allencell.org/viewer?url=https%3A%2F%2Fallencell.s3.amazonaws.com%2Faics%2Femt_timelapse_dataset%2Fdata%2F3500005828_30_all_cells_mask.ome.zarr,1x1,"[[ 1.00032919e+00 -1.69748711e-03  1.73339160e+00]
 [ 1.69748711e-03  1.00032919e+00 -1.42422099e+00]
 [ 0.00000000e+00  0.00000000e+00  1.00000000e+00]]",AICS-0061,1,2,0,36,,,,,,Bright-field,mEGFP,CollagenIV,RPMI+B27 minus insulin ,,Mon Sep 11 2023,TCZYX,Matrigel at 1:60 in culture media,5uM CHIR in culture media,,,,2D PLF colony EMT,50ms,https://allencell.s3.amazonaws.com/aics/emt_timelapse_dataset/data/3500005828_30_raw_converted.ome.zarr,mEGFP,HIST1H2BJ,PLF (8.33ug/mL Fibronectin and 8.33ug/mL rhLaminin-521  and 0.08mg/mL Poly-D-Lysine),s3://allencell/aics/emt_timelapse_dataset/data/3500005828_30_H2B_nuclear_segmentation.ome.zarr,https://allencell.s3.amazonaws.com/aics/emt_timelapse_dataset/data/3500005828_30_H2B_nuclear_segmentation.ome.zarr,https://volumeviewer.allencell.org/viewer?url=https%3A%2F%2Fallencell.s3.amazonaws.com%2Faics%2Femt_timelapse_dataset%2Fdata%2F3500005828_30_H2B_nuclear_segmentation.ome.zarr,3,121,1848,1248,30,Sep 15 2023 13H01,ZSD-2,NA,Lot 118001 ,3500005828_30,20x/0.80,0.271,0.271,2.88,2,3500005828,28,TRUE,histone H2B type 1-J,"https://volumeviewer.allencell.org/viewer?url=https%3A%2F%2Fallencell.s3.amazonaws.com%2Faics%2Femt_timelapse_dataset%2Fdata%2F3500005828_30_raw_converted.ome.zarr,https%3A%2F%2Fallencell.s3.amazonaws.com%2Faics%2Femt_timelapse_dataset%2Fdata%2F3500005828_30_all_cells_mask.ome.zarr,https%3A%2F%2Fallencell.s3.amazonaws.com%2Faics%2Femt_timelapse_dataset%2Fdata%2F3500005828_30_H2B_nuclear_segmentation.ome.zarr&t=24&mode=maxproject&c0=lut:0:autoij,ven:0&c1=lut:0:autoij,ven:1&c2=lut:0:autoij,ven:1,col:bd10e0&c3&c4",s3://allencell/aics/emt_timelapse_dataset/data/3500005828_30_raw_converted.ome.zarr,https://allencell.s3.amazonaws.com/aics/emt_timelapse_dataset/data/3500005828_30_raw_converted.ome.zarr,"https://volumeviewer.allencell.org/viewer?url=https%3A%2F%2Fallencell.s3.amazonaws.com%2Faics%2Femt_timelapse_dataset%2Fdata%2F3500005828_30_raw_converted.ome.zarr&t=24&mode=maxproject&c0=lut:0:autoij,ven:0&c1=lut:0:autoij,ven:1&c2=lut:0:autoij,ven:1,col:bd10e0",30,TRUE,heterochromatin,Sep 15 2023 12H40,30 minutes,,,2D 12H,"Plotting, Illustration of Figure 3",D6
3500005828_29_raw_converted,0.77mW,0.8mW,TRUE,TRUE,s3://allencell/aics/emt_timelapse_dataset/data/3500005828_29_all_cells_mask.ome.zarr,https://allencell.s3.amazonaws.com/aics/emt_timelapse_dataset/data/3500005828_29_all_cells_mask.ome.zarr,https://volumeviewer.allencell.org/viewer?url=https%3A%2F%2Fallencell.s3.amazonaws.com%2Faics%2Femt_timelapse_dataset%2Fdata%2F3500005828_29_all_cells_mask.ome.zarr,1x1,"[[ 1.00032919e+00 -1.69748711e-03  1.73339160e+00]
 [ 1.69748711e-03  1.00032919e+00 -1.42422099e+00]
 [ 0.00000000e+00  0.00000000e+00  1.00000000e+00]]",AICS-0061,1,2,0,36,,,,,,Bright-field,mEGFP,CollagenIV,RPMI+B27 minus insulin ,,Mon Sep 11 2023,TCZYX,Matrigel at 1:60 in culture media,5uM CHIR in culture media,,,,2D PLF colony EMT,50ms,https://allencell.s3.amazonaws.com/aics/emt_timelapse_dataset/data/3500005828_29_raw_converted.ome.zarr,mEGFP,HIST1H2BJ,PLF (8.33ug/mL Fibronectin and 8.33ug/mL rhLaminin-521  and 0.08mg/mL Poly-D-Lysine),s3://allencell/aics/emt_timelapse_dataset/data/3500005828_29_H2B_nuclear_segmentation.ome.zarr,https://allencell.s3.amazonaws.com/aics/emt_timelapse_dataset/data/3500005828_29_H2B_nuclear_segmentation.ome.zarr,https://volumeviewer.allencell.org/viewer?url=https%3A%2F%2Fallencell.s3.amazonaws.com%2Faics%2Femt_timelapse_dataset%2Fdata%2F3500005828_29_H2B_nuclear_segmentation.ome.zarr,3,121,1848,1248,30,Sep 15 2023 13H01,ZSD-2,NA,Lot 118001 ,3500005828_29,20x/0.80,0.271,0.271,2.88,2,3500005828,29,TRUE,histone H2B type 1-J,"https://volumeviewer.allencell.org/viewer?url=https%3A%2F%2Fallencell.s3.amazonaws.com%2Faics%2Femt_timelapse_dataset%2Fdata%2F3500005828_29_raw_converted.ome.zarr,https%3A%2F%2Fallencell.s3.amazonaws.com%2Faics%2Femt_timelapse_dataset%2Fdata%2F3500005828_29_all_cells_mask.ome.zarr,https%3A%2F%2Fallencell.s3.amazonaws.com%2Faics%2Femt_timelapse_dataset%2Fdata%2F3500005828_29_H2B_nuclear_segmentation.ome.zarr&t=24&mode=maxproject&c0=lut:0:autoij,ven:0&c1=lut:0:autoij,ven:1&c2=lut:0:autoij,ven:1,col:bd10e0&c3&c4",s3://allencell/aics/emt_timelapse_dataset/data/3500005828_29_raw_converted.ome.zarr,https://allencell.s3.amazonaws.com/aics/emt_timelapse_dataset/data/3500005828_29_raw_converted.ome.zarr,"https://volumeviewer.allencell.org/viewer?url=https%3A%2F%2Fallencell.s3.amazonaws.com%2Faics%2Femt_timelapse_dataset%2Fdata%2F3500005828_29_raw_converted.ome.zarr&t=24&mode=maxproject&c0=lut:0:autoij,ven:0&c1=lut:0:autoij,ven:1&c2=lut:0:autoij,ven:1,col:bd10e0",29,TRUE,heterochromatin,Sep 15 2023 12H40,30 minutes,,,2D 12H,Plotting,D6
3500005828_28_raw_converted,0.77mW,0.8mW,TRUE,TRUE,s3://allencell/aics/emt_timelapse_dataset/data/3500005828_28_all_cells_mask.ome.zarr,https://allencell.s3.amazonaws.com/aics/emt_timelapse_dataset/data/3500005828_28_all_cells_mask.ome.zarr,https://volumeviewer.allencell.org/viewer?url=https%3A%2F%2Fallencell.s3.amazonaws.com%2Faics%2Femt_timelapse_dataset%2Fdata%2F3500005828_28_all_cells_mask.ome.zarr,1x1,"[[ 1.00032919e+00 -1.69748711e-03  1.73339160e+00]
 [ 1.69748711e-03  1.00032919e+00 -1.42422099e+00]
 [ 0.00000000e+00  0.00000000e+00  1.00000000e+00]]",AICS-0061,1,2,0,36,,,,,,Bright-field,mEGFP,CollagenIV,RPMI+B27 minus insulin ,,Mon Sep 11 2023,TCZYX,Matrigel at 1:60 in culture media,5uM CHIR in culture media,,,,2D PLF colony EMT,50ms,https://allencell.s3.amazonaws.com/aics/emt_timelapse_dataset/data/3500005828_28_raw_converted.ome.zarr,mEGFP,HIST1H2BJ,PLF (8.33ug/mL Fibronectin and 8.33ug/mL rhLaminin-521  and 0.08mg/mL Poly-D-Lysine),s3://allencell/aics/emt_timelapse_dataset/data/3500005828_28_H2B_nuclear_segmentation.ome.zarr,https://allencell.s3.amazonaws.com/aics/emt_timelapse_dataset/data/3500005828_28_H2B_nuclear_segmentation.ome.zarr,https://volumeviewer.allencell.org/viewer?url=https%3A%2F%2Fallencell.s3.amazonaws.com%2Faics%2Femt_timelapse_dataset%2Fdata%2F3500005828_28_H2B_nuclear_segmentation.ome.zarr,3,121,1848,1248,30,Sep 15 2023 13H01,ZSD-2,NA,Lot 118001 ,3500005828_28,20x/0.80,0.271,0.271,2.88,2,3500005828,30,TRUE,histone H2B type 1-J,"https://volumeviewer.allencell.org/viewer?url=https%3A%2F%2Fallencell.s3.amazonaws.com%2Faics%2Femt_timelapse_dataset%2Fdata%2F3500005828_28_raw_converted.ome.zarr,https%3A%2F%2Fallencell.s3.amazonaws.com%2Faics%2Femt_timelapse_dataset%2Fdata%2F3500005828_28_all_cells_mask.ome.zarr,https%3A%2F%2Fallencell.s3.amazonaws.com%2Faics%2Femt_timelapse_dataset%2Fdata%2F3500005828_28_H2B_nuclear_segmentation.ome.zarr&t=24&mode=maxproject&c0=lut:0:autoij,ven:0&c1=lut:0:autoij,ven:1&c2=lut:0:autoij,ven:1,col:bd10e0&c3&c4",s3://allencell/aics/emt_timelapse_dataset/data/3500005828_28_raw_converted.ome.zarr,https://allencell.s3.amazonaws.com/aics/emt_timelapse_dataset/data/3500005828_28_raw_converted.ome.zarr,"https://volumeviewer.allencell.org/viewer?url=https%3A%2F%2Fallencell.s3.amazonaws.com%2Faics%2Femt_timelapse_dataset%2Fdata%2F3500005828_28_raw_converted.ome.zarr&t=24&mode=maxproject&c0=lut:0:autoij,ven:0&c1=lut:0:autoij,ven:1&c2=lut:0:autoij,ven:1,col:bd10e0",28,TRUE,heterochromatin,Sep 15 2023 12H40,30 minutes,,,2D 12H,Plotting,D6
3500005828_32_raw_converted,0.77mW,0.8mW,TRUE,TRUE,s3://allencell/aics/emt_timelapse_dataset/data/3500005828_32_all_cells_mask.ome.zarr,https://allencell.s3.amazonaws.com/aics/emt_timelapse_dataset/data/3500005828_32_all_cells_mask.ome.zarr,https://volumeviewer.allencell.org/viewer?url=https%3A%2F%2Fallencell.s3.amazonaws.com%2Faics%2Femt_timelapse_dataset%2Fdata%2F3500005828_32_all_cells_mask.ome.zarr,1x1,"[[ 1.00032919e+00 -1.69748711e-03  1.73339160e+00]
 [ 1.69748711e-03  1.00032919e+00 -1.42422099e+00]
 [ 0.00000000e+00  0.00000000e+00  1.00000000e+00]]",AICS-0061,1,2,0,36,,,,,,Bright-field,mEGFP,CollagenIV,RPMI+B27 minus insulin ,,Mon Sep 11 2023,TCZYX,Matrigel at 1:60 in culture media,5uM CHIR in culture media,,,,2D colony EMT,50ms,https://allencell.s3.amazonaws.com/aics/emt_timelapse_dataset/data/3500005828_32_raw_converted.ome.zarr,mEGFP,HIST1H2BJ,Diluted Matrigel + DMEM/F12,s3://allencell/aics/emt_timelapse_dataset/data/3500005828_32_H2B_nuclear_segmentation.ome.zarr,https://allencell.s3.amazonaws.com/aics/emt_timelapse_dataset/data/3500005828_32_H2B_nuclear_segmentation.ome.zarr,https://volumeviewer.allencell.org/viewer?url=https%3A%2F%2Fallencell.s3.amazonaws.com%2Faics%2Femt_timelapse_dataset%2Fdata%2F3500005828_32_H2B_nuclear_segmentation.ome.zarr,3,121,1848,1248,30,Sep 15 2023 13H01,ZSD-2,NA,Lot 118001 ,3500005828_32,20x/0.80,0.271,0.271,2.88,2,3500005828,32,TRUE,histone H2B type 1-J,"https://volumeviewer.allencell.org/viewer?url=https%3A%2F%2Fallencell.s3.amazonaws.com%2Faics%2Femt_timelapse_dataset%2Fdata%2F3500005828_32_raw_converted.ome.zarr,https%3A%2F%2Fallencell.s3.amazonaws.com%2Faics%2Femt_timelapse_dataset%2Fdata%2F3500005828_32_all_cells_mask.ome.zarr,https%3A%2F%2Fallencell.s3.amazonaws.com%2Faics%2Femt_timelapse_dataset%2Fdata%2F3500005828_32_H2B_nuclear_segmentation.ome.zarr&t=24&mode=maxproject&c0=lut:0:autoij,ven:0&c1=lut:0:autoij,ven:1&c2=lut:0:autoij,ven:1,col:bd10e0&c3&c4",s3://allencell/aics/emt_timelapse_dataset/data/3500005828_32_raw_converted.ome.zarr,https://allencell.s3.amazonaws.com/aics/emt_timelapse_dataset/data/3500005828_32_raw_converted.ome.zarr,"https://volumeviewer.allencell.org/viewer?url=https%3A%2F%2Fallencell.s3.amazonaws.com%2Faics%2Femt_timelapse_dataset%2Fdata%2F3500005828_32_raw_converted.ome.zarr&t=24&mode=maxproject&c0=lut:0:autoij,ven:0&c1=lut:0:autoij,ven:1&c2=lut:0:autoij,ven:1,col:bd10e0",32,TRUE,heterochromatin,Sep 15 2023 12H40,30 minutes,,,2D 12H,Plotting,D7
3500005828_36_raw_converted,0.77mW,0.8mW,TRUE,FALSE,s3://allencell/aics/emt_timelapse_dataset/data/3500005828_36_all_cells_mask.ome.zarr,https://allencell.s3.amazonaws.com/aics/emt_timelapse_dataset/data/3500005828_36_all_cells_mask.ome.zarr,https://volumeviewer.allencell.org/viewer?url=https%3A%2F%2Fallencell.s3.amazonaws.com%2Faics%2Femt_timelapse_dataset%2Fdata%2F3500005828_36_all_cells_mask.ome.zarr,1x1,"[[ 1.00032919e+00 -1.69748711e-03  1.73339160e+00]
 [ 1.69748711e-03  1.00032919e+00 -1.42422099e+00]
 [ 0.00000000e+00  0.00000000e+00  1.00000000e+00]]",AICS-0061,1,2,0,36,,,,,,Bright-field,mEGFP,CollagenIV,RPMI+B27 minus insulin ,,Mon Sep 11 2023,TCZYX,Matrigel at 1:60 in culture media,5uM CHIR in culture media,,,,2D colony EMT,50ms,https://allencell.s3.amazonaws.com/aics/emt_timelapse_dataset/data/3500005828_36_raw_converted.ome.zarr,mEGFP,HIST1H2BJ,Diluted Matrigel + DMEM/F12,s3://allencell/aics/emt_timelapse_dataset/data/3500005828_36_H2B_nuclear_segmentation.ome.zarr,https://allencell.s3.amazonaws.com/aics/emt_timelapse_dataset/data/3500005828_36_H2B_nuclear_segmentation.ome.zarr,https://volumeviewer.allencell.org/viewer?url=https%3A%2F%2Fallencell.s3.amazonaws.com%2Faics%2Femt_timelapse_dataset%2Fdata%2F3500005828_36_H2B_nuclear_segmentation.ome.zarr,3,121,1848,1248,30,Sep 15 2023 13H01,ZSD-2,NA,Lot 118001 ,3500005828_36,20x/0.80,0.271,0.271,2.88,2,3500005828,34,TRUE,histone H2B type 1-J,"https://volumeviewer.allencell.org/viewer?url=https%3A%2F%2Fallencell.s3.amazonaws.com%2Faics%2Femt_timelapse_dataset%2Fdata%2F3500005828_36_raw_converted.ome.zarr,https%3A%2F%2Fallencell.s3.amazonaws.com%2Faics%2Femt_timelapse_dataset%2Fdata%2F3500005828_36_all_cells_mask.ome.zarr,https%3A%2F%2Fallencell.s3.amazonaws.com%2Faics%2Femt_timelapse_dataset%2Fdata%2F3500005828_36_H2B_nuclear_segmentation.ome.zarr&t=24&mode=maxproject&c0=lut:0:autoij,ven:0&c1=lut:0:autoij,ven:1&c2=lut:0:autoij,ven:1,col:bd10e0&c3&c4",s3://allencell/aics/emt_timelapse_dataset/data/3500005828_36_raw_converted.ome.zarr,https://allencell.s3.amazonaws.com/aics/emt_timelapse_dataset/data/3500005828_36_raw_converted.ome.zarr,"https://volumeviewer.allencell.org/viewer?url=https%3A%2F%2Fallencell.s3.amazonaws.com%2Faics%2Femt_timelapse_dataset%2Fdata%2F3500005828_36_raw_converted.ome.zarr&t=24&mode=maxproject&c0=lut:0:autoij,ven:0&c1=lut:0:autoij,ven:1&c2=lut:0:autoij,ven:1,col:bd10e0",36,TRUE,heterochromatin,Sep 15 2023 12H40,30 minutes,,,2D 12H,,D8
3500005828_43_raw_converted,0.77mW,0.8mW,TRUE,TRUE,s3://allencell/aics/emt_timelapse_dataset/data/3500005828_43_all_cells_mask.ome.zarr,https://allencell.s3.amazonaws.com/aics/emt_timelapse_dataset/data/3500005828_43_all_cells_mask.ome.zarr,https://volumeviewer.allencell.org/viewer?url=https%3A%2F%2Fallencell.s3.amazonaws.com%2Faics%2Femt_timelapse_dataset%2Fdata%2F3500005828_43_all_cells_mask.ome.zarr,1x1,"[[ 1.00032919e+00 -1.69748711e-03  1.73339160e+00]
 [ 1.69748711e-03  1.00032919e+00 -1.42422099e+00]
 [ 0.00000000e+00  0.00000000e+00  1.00000000e+00]]",AICS-0061,1,2,0,36,,s3://allencell/aics/emt_timelapse_dataset/data/3500005828_43_collagenIV_segmentation_mesh,s3://allencell/aics/emt_timelapse_dataset/data/3500005828_43_collagenIV_segmentation_probability.ome.zarr,https://allencell.s3.amazonaws.com/aics/emt_timelapse_dataset/data/3500005828_43_collagenIV_segmentation_probability.ome.zarr,https://volumeviewer.allencell.org/viewer?url=https%3A%2F%2Fallencell.s3.amazonaws.com%2Faics%2Femt_timelapse_dataset%2Fdata%2F3500005828_43_collagenIV_segmentation_probability.ome.zarr,Bright-field,mEGFP,CollagenIV,RPMI+B27 minus insulin ,,Mon Sep 11 2023,TCZYX,Matrigel at 1:60 in culture media,5uM CHIR in culture media,,,,3D lumenoid EMT,50ms,https://allencell.s3.amazonaws.com/aics/emt_timelapse_dataset/data/3500005828_43_raw_converted.ome.zarr,mEGFP,HIST1H2BJ,Diluted Matrigel + DMEM/F12,s3://allencell/aics/emt_timelapse_dataset/data/3500005828_43_H2B_nuclear_segmentation.ome.zarr,https://allencell.s3.amazonaws.com/aics/emt_timelapse_dataset/data/3500005828_43_H2B_nuclear_segmentation.ome.zarr,https://volumeviewer.allencell.org/viewer?url=https%3A%2F%2Fallencell.s3.amazonaws.com%2Faics%2Femt_timelapse_dataset%2Fdata%2F3500005828_43_H2B_nuclear_segmentation.ome.zarr,3,121,1848,1248,30,Sep 15 2023 13H01,ZSD-2,two days prior to imaging,Lot 118001 ,3500005828_43,20x/0.80,0.271,0.271,2.88,2,3500005828,43,TRUE,histone H2B type 1-J,"https://volumeviewer.allencell.org/viewer?url=https%3A%2F%2Fallencell.s3.amazonaws.com%2Faics%2Femt_timelapse_dataset%2Fdata%2F3500005828_43_raw_converted.ome.zarr,https%3A%2F%2Fallencell.s3.amazonaws.com%2Faics%2Femt_timelapse_dataset%2Fdata%2F3500005828_43_all_cells_mask.ome.zarr,https%3A%2F%2Fallencell.s3.amazonaws.com%2Faics%2Femt_timelapse_dataset%2Fdata%2F3500005828_43_H2B_nuclear_segmentation.ome.zarr,https%3A%2F%2Fallencell.s3.amazonaws.com%2Faics%2Femt_timelapse_dataset%2Fdata%2F3500005828_43_collagenIV_segmentation_probability.ome.zarr&t=24&mode=maxproject&c0=lut:0:autoij,ven:0&c1=lut:0:autoij,ven:1&c2=lut:0:autoij,ven:1,col:bd10e0&c3&c4&c5",s3://allencell/aics/emt_timelapse_dataset/data/3500005828_43_raw_converted.ome.zarr,https://allencell.s3.amazonaws.com/aics/emt_timelapse_dataset/data/3500005828_43_raw_converted.ome.zarr,"https://volumeviewer.allencell.org/viewer?url=https%3A%2F%2Fallencell.s3.amazonaws.com%2Faics%2Femt_timelapse_dataset%2Fdata%2F3500005828_43_raw_converted.ome.zarr&t=24&mode=maxproject&c0=lut:0:autoij,ven:0&c1=lut:0:autoij,ven:1&c2=lut:0:autoij,ven:1,col:bd10e0",43,TRUE,heterochromatin,Sep 15 2023 12H40,30 minutes,,,2D 12H,"Plotting, Determination of migration timing using the basement membrane mesh",E8
3500005828_45_raw_converted,0.77mW,0.8mW,TRUE,TRUE,s3://allencell/aics/emt_timelapse_dataset/data/3500005828_45_all_cells_mask.ome.zarr,https://allencell.s3.amazonaws.com/aics/emt_timelapse_dataset/data/3500005828_45_all_cells_mask.ome.zarr,https://volumeviewer.allencell.org/viewer?url=https%3A%2F%2Fallencell.s3.amazonaws.com%2Faics%2Femt_timelapse_dataset%2Fdata%2F3500005828_45_all_cells_mask.ome.zarr,1x1,"[[ 1.00032919e+00 -1.69748711e-03  1.73339160e+00]
 [ 1.69748711e-03  1.00032919e+00 -1.42422099e+00]
 [ 0.00000000e+00  0.00000000e+00  1.00000000e+00]]",AICS-0061,1,2,0,36,"s3://allencell/aics/emt_timelapse_dataset/data/3500005828_45_T020_collagenIV_ground_truth_segmentation.ome.zarr,s3://allencell/aics/emt_timelapse_dataset/data/3500005828_45_T040_collagenIV_ground_truth_segmentation.ome.zarr",s3://allencell/aics/emt_timelapse_dataset/data/3500005828_45_collagenIV_segmentation_mesh,s3://allencell/aics/emt_timelapse_dataset/data/3500005828_45_collagenIV_segmentation_probability.ome.zarr,https://allencell.s3.amazonaws.com/aics/emt_timelapse_dataset/data/3500005828_45_collagenIV_segmentation_probability.ome.zarr,https://volumeviewer.allencell.org/viewer?url=https%3A%2F%2Fallencell.s3.amazonaws.com%2Faics%2Femt_timelapse_dataset%2Fdata%2F3500005828_45_collagenIV_segmentation_probability.ome.zarr,Bright-field,mEGFP,CollagenIV,RPMI+B27 minus insulin ,,Mon Sep 11 2023,TCZYX,Matrigel at 1:60 in culture media,5uM CHIR in culture media,,,,3D lumenoid EMT,50ms,https://allencell.s3.amazonaws.com/aics/emt_timelapse_dataset/data/3500005828_45_raw_converted.ome.zarr,mEGFP,HIST1H2BJ,Diluted Matrigel + DMEM/F12,s3://allencell/aics/emt_timelapse_dataset/data/3500005828_45_H2B_nuclear_segmentation.ome.zarr,https://allencell.s3.amazonaws.com/aics/emt_timelapse_dataset/data/3500005828_45_H2B_nuclear_segmentation.ome.zarr,https://volumeviewer.allencell.org/viewer?url=https%3A%2F%2Fallencell.s3.amazonaws.com%2Faics%2Femt_timelapse_dataset%2Fdata%2F3500005828_45_H2B_nuclear_segmentation.ome.zarr,3,121,1848,1248,30,Sep 15 2023 13H01,ZSD-2,two days prior to imaging,Lot 118001 ,3500005828_45,20x/0.80,0.271,0.271,2.88,2,3500005828,45,TRUE,histone H2B type 1-J,"https://volumeviewer.allencell.org/viewer?url=https%3A%2F%2Fallencell.s3.amazonaws.com%2Faics%2Femt_timelapse_dataset%2Fdata%2F3500005828_45_raw_converted.ome.zarr,https%3A%2F%2Fallencell.s3.amazonaws.com%2Faics%2Femt_timelapse_dataset%2Fdata%2F3500005828_45_all_cells_mask.ome.zarr,https%3A%2F%2Fallencell.s3.amazonaws.com%2Faics%2Femt_timelapse_dataset%2Fdata%2F3500005828_45_H2B_nuclear_segmentation.ome.zarr,https%3A%2F%2Fallencell.s3.amazonaws.com%2Faics%2Femt_timelapse_dataset%2Fdata%2F3500005828_45_collagenIV_segmentation_probability.ome.zarr&t=24&mode=maxproject&c0=lut:0:autoij,ven:0&c1=lut:0:autoij,ven:1&c2=lut:0:autoij,ven:1,col:bd10e0&c3&c4&c5",s3://allencell/aics/emt_timelapse_dataset/data/3500005828_45_raw_converted.ome.zarr,https://allencell.s3.amazonaws.com/aics/emt_timelapse_dataset/data/3500005828_45_raw_converted.ome.zarr,"https://volumeviewer.allencell.org/viewer?url=https%3A%2F%2Fallencell.s3.amazonaws.com%2Faics%2Femt_timelapse_dataset%2Fdata%2F3500005828_45_raw_converted.ome.zarr&t=24&mode=maxproject&c0=lut:0:autoij,ven:0&c1=lut:0:autoij,ven:1&c2=lut:0:autoij,ven:1,col:bd10e0",45,TRUE,heterochromatin,Sep 15 2023 12H40,30 minutes,"20, 40",,2D 12H,"Basement membrane segmentation training, Plotting, Determination of migration timing using the basement membrane mesh",E8
3500005828_46_raw_converted,0.77mW,0.8mW,TRUE,TRUE,s3://allencell/aics/emt_timelapse_dataset/data/3500005828_46_all_cells_mask.ome.zarr,https://allencell.s3.amazonaws.com/aics/emt_timelapse_dataset/data/3500005828_46_all_cells_mask.ome.zarr,https://volumeviewer.allencell.org/viewer?url=https%3A%2F%2Fallencell.s3.amazonaws.com%2Faics%2Femt_timelapse_dataset%2Fdata%2F3500005828_46_all_cells_mask.ome.zarr,1x1,"[[ 1.00032919e+00 -1.69748711e-03  1.73339160e+00]
 [ 1.69748711e-03  1.00032919e+00 -1.42422099e+00]
 [ 0.00000000e+00  0.00000000e+00  1.00000000e+00]]",AICS-0061,1,2,0,36,,s3://allencell/aics/emt_timelapse_dataset/data/3500005828_46_collagenIV_segmentation_mesh,s3://allencell/aics/emt_timelapse_dataset/data/3500005828_46_collagenIV_segmentation_probability.ome.zarr,https://allencell.s3.amazonaws.com/aics/emt_timelapse_dataset/data/3500005828_46_collagenIV_segmentation_probability.ome.zarr,https://volumeviewer.allencell.org/viewer?url=https%3A%2F%2Fallencell.s3.amazonaws.com%2Faics%2Femt_timelapse_dataset%2Fdata%2F3500005828_46_collagenIV_segmentation_probability.ome.zarr,Bright-field,mEGFP,CollagenIV,RPMI+B27 minus insulin ,,Mon Sep 11 2023,TCZYX,Matrigel at 1:60 in culture media,5uM CHIR in culture media,,,,3D lumenoid EMT,50ms,https://allencell.s3.amazonaws.com/aics/emt_timelapse_dataset/data/3500005828_46_raw_converted.ome.zarr,mEGFP,HIST1H2BJ,Diluted Matrigel + DMEM/F12,s3://allencell/aics/emt_timelapse_dataset/data/3500005828_46_H2B_nuclear_segmentation.ome.zarr,https://allencell.s3.amazonaws.com/aics/emt_timelapse_dataset/data/3500005828_46_H2B_nuclear_segmentation.ome.zarr,https://volumeviewer.allencell.org/viewer?url=https%3A%2F%2Fallencell.s3.amazonaws.com%2Faics%2Femt_timelapse_dataset%2Fdata%2F3500005828_46_H2B_nuclear_segmentation.ome.zarr,3,121,1848,1248,30,Sep 15 2023 13H01,ZSD-2,two days prior to imaging,Lot 118001 ,3500005828_46,20x/0.80,0.271,0.271,2.88,2,3500005828,47,TRUE,histone H2B type 1-J,"https://volumeviewer.allencell.org/viewer?url=https%3A%2F%2Fallencell.s3.amazonaws.com%2Faics%2Femt_timelapse_dataset%2Fdata%2F3500005828_46_raw_converted.ome.zarr,https%3A%2F%2Fallencell.s3.amazonaws.com%2Faics%2Femt_timelapse_dataset%2Fdata%2F3500005828_46_all_cells_mask.ome.zarr,https%3A%2F%2Fallencell.s3.amazonaws.com%2Faics%2Femt_timelapse_dataset%2Fdata%2F3500005828_46_H2B_nuclear_segmentation.ome.zarr,https%3A%2F%2Fallencell.s3.amazonaws.com%2Faics%2Femt_timelapse_dataset%2Fdata%2F3500005828_46_collagenIV_segmentation_probability.ome.zarr&t=24&mode=maxproject&c0=lut:0:autoij,ven:0&c1=lut:0:autoij,ven:1&c2=lut:0:autoij,ven:1,col:bd10e0&c3&c4&c5",s3://allencell/aics/emt_timelapse_dataset/data/3500005828_46_raw_converted.ome.zarr,https://allencell.s3.amazonaws.com/aics/emt_timelapse_dataset/data/3500005828_46_raw_converted.ome.zarr,"https://volumeviewer.allencell.org/viewer?url=https%3A%2F%2Fallencell.s3.amazonaws.com%2Faics%2Femt_timelapse_dataset%2Fdata%2F3500005828_46_raw_converted.ome.zarr&t=24&mode=maxproject&c0=lut:0:autoij,ven:0&c1=lut:0:autoij,ven:1&c2=lut:0:autoij,ven:1,col:bd10e0",46,TRUE,heterochromatin,Sep 15 2023 12H40,30 minutes,,,2D 12H,"Plotting, Determination of migration timing using the basement membrane mesh",E7
3500005828_48_raw_converted,0.77mW,0.8mW,TRUE,FALSE,s3://allencell/aics/emt_timelapse_dataset/data/3500005828_48_all_cells_mask.ome.zarr,https://allencell.s3.amazonaws.com/aics/emt_timelapse_dataset/data/3500005828_48_all_cells_mask.ome.zarr,https://volumeviewer.allencell.org/viewer?url=https%3A%2F%2Fallencell.s3.amazonaws.com%2Faics%2Femt_timelapse_dataset%2Fdata%2F3500005828_48_all_cells_mask.ome.zarr,1x1,"[[ 1.00032919e+00 -1.69748711e-03  1.73339160e+00]
 [ 1.69748711e-03  1.00032919e+00 -1.42422099e+00]
 [ 0.00000000e+00  0.00000000e+00  1.00000000e+00]]",AICS-0061,1,2,0,36,,s3://allencell/aics/emt_timelapse_dataset/data/3500005828_48_collagenIV_segmentation_mesh,s3://allencell/aics/emt_timelapse_dataset/data/3500005828_48_collagenIV_segmentation_probability.ome.zarr,https://allencell.s3.amazonaws.com/aics/emt_timelapse_dataset/data/3500005828_48_collagenIV_segmentation_probability.ome.zarr,https://volumeviewer.allencell.org/viewer?url=https%3A%2F%2Fallencell.s3.amazonaws.com%2Faics%2Femt_timelapse_dataset%2Fdata%2F3500005828_48_collagenIV_segmentation_probability.ome.zarr,Bright-field,mEGFP,CollagenIV,RPMI+B27 minus insulin ,,Mon Sep 11 2023,TCZYX,Matrigel at 1:60 in culture media,5uM CHIR in culture media,,,,3D lumenoid EMT,50ms,https://allencell.s3.amazonaws.com/aics/emt_timelapse_dataset/data/3500005828_48_raw_converted.ome.zarr,mEGFP,HIST1H2BJ,Diluted Matrigel + DMEM/F12,s3://allencell/aics/emt_timelapse_dataset/data/3500005828_48_H2B_nuclear_segmentation.ome.zarr,https://allencell.s3.amazonaws.com/aics/emt_timelapse_dataset/data/3500005828_48_H2B_nuclear_segmentation.ome.zarr,https://volumeviewer.allencell.org/viewer?url=https%3A%2F%2Fallencell.s3.amazonaws.com%2Faics%2Femt_timelapse_dataset%2Fdata%2F3500005828_48_H2B_nuclear_segmentation.ome.zarr,3,121,1848,1248,30,Sep 15 2023 13H01,ZSD-2,two days prior to imaging,Lot 118001 ,3500005828_48,20x/0.80,0.271,0.271,2.88,2,3500005828,48,TRUE,histone H2B type 1-J,"https://volumeviewer.allencell.org/viewer?url=https%3A%2F%2Fallencell.s3.amazonaws.com%2Faics%2Femt_timelapse_dataset%2Fdata%2F3500005828_48_raw_converted.ome.zarr,https%3A%2F%2Fallencell.s3.amazonaws.com%2Faics%2Femt_timelapse_dataset%2Fdata%2F3500005828_48_all_cells_mask.ome.zarr,https%3A%2F%2Fallencell.s3.amazonaws.com%2Faics%2Femt_timelapse_dataset%2Fdata%2F3500005828_48_H2B_nuclear_segmentation.ome.zarr,https%3A%2F%2Fallencell.s3.amazonaws.com%2Faics%2Femt_timelapse_dataset%2Fdata%2F3500005828_48_collagenIV_segmentation_probability.ome.zarr&t=24&mode=maxproject&c0=lut:0:autoij,ven:0&c1=lut:0:autoij,ven:1&c2=lut:0:autoij,ven:1,col:bd10e0&c3&c4&c5",s3://allencell/aics/emt_timelapse_dataset/data/3500005828_48_raw_converted.ome.zarr,https://allencell.s3.amazonaws.com/aics/emt_timelapse_dataset/data/3500005828_48_raw_converted.ome.zarr,"https://volumeviewer.allencell.org/viewer?url=https%3A%2F%2Fallencell.s3.amazonaws.com%2Faics%2Femt_timelapse_dataset%2Fdata%2F3500005828_48_raw_converted.ome.zarr&t=24&mode=maxproject&c0=lut:0:autoij,ven:0&c1=lut:0:autoij,ven:1&c2=lut:0:autoij,ven:1,col:bd10e0",48,TRUE,heterochromatin,Sep 15 2023 12H40,30 minutes,,,2D 12H,,E7
3500005828_49_raw_converted,0.77mW,0.8mW,TRUE,TRUE,s3://allencell/aics/emt_timelapse_dataset/data/3500005828_49_all_cells_mask.ome.zarr,https://allencell.s3.amazonaws.com/aics/emt_timelapse_dataset/data/3500005828_49_all_cells_mask.ome.zarr,https://volumeviewer.allencell.org/viewer?url=https%3A%2F%2Fallencell.s3.amazonaws.com%2Faics%2Femt_timelapse_dataset%2Fdata%2F3500005828_49_all_cells_mask.ome.zarr,1x1,"[[ 1.00032919e+00 -1.69748711e-03  1.73339160e+00]
 [ 1.69748711e-03  1.00032919e+00 -1.42422099e+00]
 [ 0.00000000e+00  0.00000000e+00  1.00000000e+00]]",AICS-0061,1,2,0,36,,,,,,Bright-field,mEGFP,CollagenIV,RPMI+B27 minus insulin ,,Mon Sep 11 2023,TCZYX,Matrigel at 1:60 in culture media,5uM CHIR in culture media,,,,2D PLF colony EMT,50ms,https://allencell.s3.amazonaws.com/aics/emt_timelapse_dataset/data/3500005828_49_raw_converted.ome.zarr,mEGFP,HIST1H2BJ,PLF (8.33ug/mL Fibronectin and 8.33ug/mL rhLaminin-521  and 0.08mg/mL Poly-D-Lysine),s3://allencell/aics/emt_timelapse_dataset/data/3500005828_49_H2B_nuclear_segmentation.ome.zarr,https://allencell.s3.amazonaws.com/aics/emt_timelapse_dataset/data/3500005828_49_H2B_nuclear_segmentation.ome.zarr,https://volumeviewer.allencell.org/viewer?url=https%3A%2F%2Fallencell.s3.amazonaws.com%2Faics%2Femt_timelapse_dataset%2Fdata%2F3500005828_49_H2B_nuclear_segmentation.ome.zarr,3,121,1848,1248,30,Sep 15 2023 13H01,ZSD-2,NA,Lot 118001 ,3500005828_49,20x/0.80,0.271,0.271,2.88,2,3500005828,49,TRUE,histone H2B type 1-J,"https://volumeviewer.allencell.org/viewer?url=https%3A%2F%2Fallencell.s3.amazonaws.com%2Faics%2Femt_timelapse_dataset%2Fdata%2F3500005828_49_raw_converted.ome.zarr,https%3A%2F%2Fallencell.s3.amazonaws.com%2Faics%2Femt_timelapse_dataset%2Fdata%2F3500005828_49_all_cells_mask.ome.zarr,https%3A%2F%2Fallencell.s3.amazonaws.com%2Faics%2Femt_timelapse_dataset%2Fdata%2F3500005828_49_H2B_nuclear_segmentation.ome.zarr&t=24&mode=maxproject&c0=lut:0:autoij,ven:0&c1=lut:0:autoij,ven:1&c2=lut:0:autoij,ven:1,col:bd10e0&c3&c4",s3://allencell/aics/emt_timelapse_dataset/data/3500005828_49_raw_converted.ome.zarr,https://allencell.s3.amazonaws.com/aics/emt_timelapse_dataset/data/3500005828_49_raw_converted.ome.zarr,"https://volumeviewer.allencell.org/viewer?url=https%3A%2F%2Fallencell.s3.amazonaws.com%2Faics%2Femt_timelapse_dataset%2Fdata%2F3500005828_49_raw_converted.ome.zarr&t=24&mode=maxproject&c0=lut:0:autoij,ven:0&c1=lut:0:autoij,ven:1&c2=lut:0:autoij,ven:1,col:bd10e0",49,TRUE,heterochromatin,Sep 15 2023 12H40,30 minutes,,,2D 12H,Plotting,F5
3500005828_50_raw_converted,0.77mW,0.8mW,TRUE,FALSE,s3://allencell/aics/emt_timelapse_dataset/data/3500005828_50_all_cells_mask.ome.zarr,https://allencell.s3.amazonaws.com/aics/emt_timelapse_dataset/data/3500005828_50_all_cells_mask.ome.zarr,https://volumeviewer.allencell.org/viewer?url=https%3A%2F%2Fallencell.s3.amazonaws.com%2Faics%2Femt_timelapse_dataset%2Fdata%2F3500005828_50_all_cells_mask.ome.zarr,1x1,"[[ 1.00032919e+00 -1.69748711e-03  1.73339160e+00]
 [ 1.69748711e-03  1.00032919e+00 -1.42422099e+00]
 [ 0.00000000e+00  0.00000000e+00  1.00000000e+00]]",AICS-0061,1,2,0,36,,,,,,Bright-field,mEGFP,CollagenIV,RPMI+B27 minus insulin ,,Mon Sep 11 2023,TCZYX,Matrigel at 1:60 in culture media,5uM CHIR in culture media,,,,2D PLF colony EMT,50ms,https://allencell.s3.amazonaws.com/aics/emt_timelapse_dataset/data/3500005828_50_raw_converted.ome.zarr,mEGFP,HIST1H2BJ,PLF (8.33ug/mL Fibronectin and 8.33ug/mL rhLaminin-521  and 0.08mg/mL Poly-D-Lysine),s3://allencell/aics/emt_timelapse_dataset/data/3500005828_50_H2B_nuclear_segmentation.ome.zarr,https://allencell.s3.amazonaws.com/aics/emt_timelapse_dataset/data/3500005828_50_H2B_nuclear_segmentation.ome.zarr,https://volumeviewer.allencell.org/viewer?url=https%3A%2F%2Fallencell.s3.amazonaws.com%2Faics%2Femt_timelapse_dataset%2Fdata%2F3500005828_50_H2B_nuclear_segmentation.ome.zarr,3,121,1848,1248,30,Sep 15 2023 13H01,ZSD-2,NA,Lot 118001 ,3500005828_50,20x/0.80,0.271,0.271,2.88,2,3500005828,50,TRUE,histone H2B type 1-J,"https://volumeviewer.allencell.org/viewer?url=https%3A%2F%2Fallencell.s3.amazonaws.com%2Faics%2Femt_timelapse_dataset%2Fdata%2F3500005828_50_raw_converted.ome.zarr,https%3A%2F%2Fallencell.s3.amazonaws.com%2Faics%2Femt_timelapse_dataset%2Fdata%2F3500005828_50_all_cells_mask.ome.zarr,https%3A%2F%2Fallencell.s3.amazonaws.com%2Faics%2Femt_timelapse_dataset%2Fdata%2F3500005828_50_H2B_nuclear_segmentation.ome.zarr&t=24&mode=maxproject&c0=lut:0:autoij,ven:0&c1=lut:0:autoij,ven:1&c2=lut:0:autoij,ven:1,col:bd10e0&c3&c4",s3://allencell/aics/emt_timelapse_dataset/data/3500005828_50_raw_converted.ome.zarr,https://allencell.s3.amazonaws.com/aics/emt_timelapse_dataset/data/3500005828_50_raw_converted.ome.zarr,"https://volumeviewer.allencell.org/viewer?url=https%3A%2F%2Fallencell.s3.amazonaws.com%2Faics%2Femt_timelapse_dataset%2Fdata%2F3500005828_50_raw_converted.ome.zarr&t=24&mode=maxproject&c0=lut:0:autoij,ven:0&c1=lut:0:autoij,ven:1&c2=lut:0:autoij,ven:1,col:bd10e0",50,TRUE,heterochromatin,Sep 15 2023 12H40,30 minutes,,,2D 12H,,F5
3500005828_51_raw_converted,0.77mW,0.8mW,TRUE,FALSE,s3://allencell/aics/emt_timelapse_dataset/data/3500005828_51_all_cells_mask.ome.zarr,https://allencell.s3.amazonaws.com/aics/emt_timelapse_dataset/data/3500005828_51_all_cells_mask.ome.zarr,https://volumeviewer.allencell.org/viewer?url=https%3A%2F%2Fallencell.s3.amazonaws.com%2Faics%2Femt_timelapse_dataset%2Fdata%2F3500005828_51_all_cells_mask.ome.zarr,1x1,"[[ 1.00032919e+00 -1.69748711e-03  1.73339160e+00]
 [ 1.69748711e-03  1.00032919e+00 -1.42422099e+00]
 [ 0.00000000e+00  0.00000000e+00  1.00000000e+00]]",AICS-0061,1,2,0,36,,,,,,Bright-field,mEGFP,CollagenIV,RPMI+B27 minus insulin ,,Mon Sep 11 2023,TCZYX,Matrigel at 1:60 in culture media,5uM CHIR in culture media,,,,2D PLF colony EMT,50ms,https://allencell.s3.amazonaws.com/aics/emt_timelapse_dataset/data/3500005828_51_raw_converted.ome.zarr,mEGFP,HIST1H2BJ,PLF (8.33ug/mL Fibronectin and 8.33ug/mL rhLaminin-521  and 0.08mg/mL Poly-D-Lysine),s3://allencell/aics/emt_timelapse_dataset/data/3500005828_51_H2B_nuclear_segmentation.ome.zarr,https://allencell.s3.amazonaws.com/aics/emt_timelapse_dataset/data/3500005828_51_H2B_nuclear_segmentation.ome.zarr,https://volumeviewer.allencell.org/viewer?url=https%3A%2F%2Fallencell.s3.amazonaws.com%2Faics%2Femt_timelapse_dataset%2Fdata%2F3500005828_51_H2B_nuclear_segmentation.ome.zarr,3,121,1848,1248,30,Sep 15 2023 13H01,ZSD-2,NA,Lot 118001 ,3500005828_51,20x/0.80,0.271,0.271,2.88,2,3500005828,51,TRUE,histone H2B type 1-J,"https://volumeviewer.allencell.org/viewer?url=https%3A%2F%2Fallencell.s3.amazonaws.com%2Faics%2Femt_timelapse_dataset%2Fdata%2F3500005828_51_raw_converted.ome.zarr,https%3A%2F%2Fallencell.s3.amazonaws.com%2Faics%2Femt_timelapse_dataset%2Fdata%2F3500005828_51_all_cells_mask.ome.zarr,https%3A%2F%2Fallencell.s3.amazonaws.com%2Faics%2Femt_timelapse_dataset%2Fdata%2F3500005828_51_H2B_nuclear_segmentation.ome.zarr&t=24&mode=maxproject&c0=lut:0:autoij,ven:0&c1=lut:0:autoij,ven:1&c2=lut:0:autoij,ven:1,col:bd10e0&c3&c4",s3://allencell/aics/emt_timelapse_dataset/data/3500005828_51_raw_converted.ome.zarr,https://allencell.s3.amazonaws.com/aics/emt_timelapse_dataset/data/3500005828_51_raw_converted.ome.zarr,"https://volumeviewer.allencell.org/viewer?url=https%3A%2F%2Fallencell.s3.amazonaws.com%2Faics%2Femt_timelapse_dataset%2Fdata%2F3500005828_51_raw_converted.ome.zarr&t=24&mode=maxproject&c0=lut:0:autoij,ven:0&c1=lut:0:autoij,ven:1&c2=lut:0:autoij,ven:1,col:bd10e0",51,TRUE,heterochromatin,Sep 15 2023 12H40,30 minutes,,,2D 12H,,F5
3500005828_54_raw_converted,0.77mW,0.8mW,TRUE,TRUE,s3://allencell/aics/emt_timelapse_dataset/data/3500005828_54_all_cells_mask.ome.zarr,https://allencell.s3.amazonaws.com/aics/emt_timelapse_dataset/data/3500005828_54_all_cells_mask.ome.zarr,https://volumeviewer.allencell.org/viewer?url=https%3A%2F%2Fallencell.s3.amazonaws.com%2Faics%2Femt_timelapse_dataset%2Fdata%2F3500005828_54_all_cells_mask.ome.zarr,1x1,"[[ 1.00032919e+00 -1.69748711e-03  1.73339160e+00]
 [ 1.69748711e-03  1.00032919e+00 -1.42422099e+00]
 [ 0.00000000e+00  0.00000000e+00  1.00000000e+00]]",AICS-0061,1,2,0,36,,,,,,Bright-field,mEGFP,CollagenIV,RPMI+B27 minus insulin ,,Mon Sep 11 2023,TCZYX,Matrigel at 1:60 in culture media,5uM CHIR in culture media,,,,2D PLF colony EMT,50ms,https://allencell.s3.amazonaws.com/aics/emt_timelapse_dataset/data/3500005828_54_raw_converted.ome.zarr,mEGFP,HIST1H2BJ,PLF (8.33ug/mL Fibronectin and 8.33ug/mL rhLaminin-521  and 0.08mg/mL Poly-D-Lysine),s3://allencell/aics/emt_timelapse_dataset/data/3500005828_54_H2B_nuclear_segmentation.ome.zarr,https://allencell.s3.amazonaws.com/aics/emt_timelapse_dataset/data/3500005828_54_H2B_nuclear_segmentation.ome.zarr,https://volumeviewer.allencell.org/viewer?url=https%3A%2F%2Fallencell.s3.amazonaws.com%2Faics%2Femt_timelapse_dataset%2Fdata%2F3500005828_54_H2B_nuclear_segmentation.ome.zarr,3,121,1848,1248,30,Sep 15 2023 13H01,ZSD-2,NA,Lot 118001 ,3500005828_54,20x/0.80,0.271,0.271,2.88,2,3500005828,52,TRUE,histone H2B type 1-J,"https://volumeviewer.allencell.org/viewer?url=https%3A%2F%2Fallencell.s3.amazonaws.com%2Faics%2Femt_timelapse_dataset%2Fdata%2F3500005828_54_raw_converted.ome.zarr,https%3A%2F%2Fallencell.s3.amazonaws.com%2Faics%2Femt_timelapse_dataset%2Fdata%2F3500005828_54_all_cells_mask.ome.zarr,https%3A%2F%2Fallencell.s3.amazonaws.com%2Faics%2Femt_timelapse_dataset%2Fdata%2F3500005828_54_H2B_nuclear_segmentation.ome.zarr&t=24&mode=maxproject&c0=lut:0:autoij,ven:0&c1=lut:0:autoij,ven:1&c2=lut:0:autoij,ven:1,col:bd10e0&c3&c4",s3://allencell/aics/emt_timelapse_dataset/data/3500005828_54_raw_converted.ome.zarr,https://allencell.s3.amazonaws.com/aics/emt_timelapse_dataset/data/3500005828_54_raw_converted.ome.zarr,"https://volumeviewer.allencell.org/viewer?url=https%3A%2F%2Fallencell.s3.amazonaws.com%2Faics%2Femt_timelapse_dataset%2Fdata%2F3500005828_54_raw_converted.ome.zarr&t=24&mode=maxproject&c0=lut:0:autoij,ven:0&c1=lut:0:autoij,ven:1&c2=lut:0:autoij,ven:1,col:bd10e0",54,TRUE,heterochromatin,Sep 15 2023 12H40,30 minutes,,,2D 12H,Plotting,F6
3500005828_53_raw_converted,0.77mW,0.8mW,TRUE,TRUE,s3://allencell/aics/emt_timelapse_dataset/data/3500005828_53_all_cells_mask.ome.zarr,https://allencell.s3.amazonaws.com/aics/emt_timelapse_dataset/data/3500005828_53_all_cells_mask.ome.zarr,https://volumeviewer.allencell.org/viewer?url=https%3A%2F%2Fallencell.s3.amazonaws.com%2Faics%2Femt_timelapse_dataset%2Fdata%2F3500005828_53_all_cells_mask.ome.zarr,1x1,"[[ 1.00032919e+00 -1.69748711e-03  1.73339160e+00]
 [ 1.69748711e-03  1.00032919e+00 -1.42422099e+00]
 [ 0.00000000e+00  0.00000000e+00  1.00000000e+00]]",AICS-0061,1,2,0,36,,,,,,Bright-field,mEGFP,CollagenIV,RPMI+B27 minus insulin ,,Mon Sep 11 2023,TCZYX,Matrigel at 1:60 in culture media,5uM CHIR in culture media,,,,2D PLF colony EMT,50ms,https://allencell.s3.amazonaws.com/aics/emt_timelapse_dataset/data/3500005828_53_raw_converted.ome.zarr,mEGFP,HIST1H2BJ,PLF (8.33ug/mL Fibronectin and 8.33ug/mL rhLaminin-521  and 0.08mg/mL Poly-D-Lysine),s3://allencell/aics/emt_timelapse_dataset/data/3500005828_53_H2B_nuclear_segmentation.ome.zarr,https://allencell.s3.amazonaws.com/aics/emt_timelapse_dataset/data/3500005828_53_H2B_nuclear_segmentation.ome.zarr,https://volumeviewer.allencell.org/viewer?url=https%3A%2F%2Fallencell.s3.amazonaws.com%2Faics%2Femt_timelapse_dataset%2Fdata%2F3500005828_53_H2B_nuclear_segmentation.ome.zarr,3,121,1848,1248,30,Sep 15 2023 13H01,ZSD-2,NA,Lot 118001 ,3500005828_53,20x/0.80,0.271,0.271,2.88,2,3500005828,53,TRUE,histone H2B type 1-J,"https://volumeviewer.allencell.org/viewer?url=https%3A%2F%2Fallencell.s3.amazonaws.com%2Faics%2Femt_timelapse_dataset%2Fdata%2F3500005828_53_raw_converted.ome.zarr,https%3A%2F%2Fallencell.s3.amazonaws.com%2Faics%2Femt_timelapse_dataset%2Fdata%2F3500005828_53_all_cells_mask.ome.zarr,https%3A%2F%2Fallencell.s3.amazonaws.com%2Faics%2Femt_timelapse_dataset%2Fdata%2F3500005828_53_H2B_nuclear_segmentation.ome.zarr&t=24&mode=maxproject&c0=lut:0:autoij,ven:0&c1=lut:0:autoij,ven:1&c2=lut:0:autoij,ven:1,col:bd10e0&c3&c4",s3://allencell/aics/emt_timelapse_dataset/data/3500005828_53_raw_converted.ome.zarr,https://allencell.s3.amazonaws.com/aics/emt_timelapse_dataset/data/3500005828_53_raw_converted.ome.zarr,"https://volumeviewer.allencell.org/viewer?url=https%3A%2F%2Fallencell.s3.amazonaws.com%2Faics%2Femt_timelapse_dataset%2Fdata%2F3500005828_53_raw_converted.ome.zarr&t=24&mode=maxproject&c0=lut:0:autoij,ven:0&c1=lut:0:autoij,ven:1&c2=lut:0:autoij,ven:1,col:bd10e0",53,TRUE,heterochromatin,Sep 15 2023 12H40,30 minutes,,,2D 12H,Plotting,F6
3500005828_52_raw_converted,0.77mW,0.8mW,TRUE,TRUE,s3://allencell/aics/emt_timelapse_dataset/data/3500005828_52_all_cells_mask.ome.zarr,https://allencell.s3.amazonaws.com/aics/emt_timelapse_dataset/data/3500005828_52_all_cells_mask.ome.zarr,https://volumeviewer.allencell.org/viewer?url=https%3A%2F%2Fallencell.s3.amazonaws.com%2Faics%2Femt_timelapse_dataset%2Fdata%2F3500005828_52_all_cells_mask.ome.zarr,1x1,"[[ 1.00032919e+00 -1.69748711e-03  1.73339160e+00]
 [ 1.69748711e-03  1.00032919e+00 -1.42422099e+00]
 [ 0.00000000e+00  0.00000000e+00  1.00000000e+00]]",AICS-0061,1,2,0,36,,,,,,Bright-field,mEGFP,CollagenIV,RPMI+B27 minus insulin ,,Mon Sep 11 2023,TCZYX,Matrigel at 1:60 in culture media,5uM CHIR in culture media,,,,2D PLF colony EMT,50ms,https://allencell.s3.amazonaws.com/aics/emt_timelapse_dataset/data/3500005828_52_raw_converted.ome.zarr,mEGFP,HIST1H2BJ,PLF (8.33ug/mL Fibronectin and 8.33ug/mL rhLaminin-521  and 0.08mg/mL Poly-D-Lysine),s3://allencell/aics/emt_timelapse_dataset/data/3500005828_52_H2B_nuclear_segmentation.ome.zarr,https://allencell.s3.amazonaws.com/aics/emt_timelapse_dataset/data/3500005828_52_H2B_nuclear_segmentation.ome.zarr,https://volumeviewer.allencell.org/viewer?url=https%3A%2F%2Fallencell.s3.amazonaws.com%2Faics%2Femt_timelapse_dataset%2Fdata%2F3500005828_52_H2B_nuclear_segmentation.ome.zarr,3,121,1848,1248,30,Sep 15 2023 13H01,ZSD-2,NA,Lot 118001 ,3500005828_52,20x/0.80,0.271,0.271,2.88,2,3500005828,54,TRUE,histone H2B type 1-J,"https://volumeviewer.allencell.org/viewer?url=https%3A%2F%2Fallencell.s3.amazonaws.com%2Faics%2Femt_timelapse_dataset%2Fdata%2F3500005828_52_raw_converted.ome.zarr,https%3A%2F%2Fallencell.s3.amazonaws.com%2Faics%2Femt_timelapse_dataset%2Fdata%2F3500005828_52_all_cells_mask.ome.zarr,https%3A%2F%2Fallencell.s3.amazonaws.com%2Faics%2Femt_timelapse_dataset%2Fdata%2F3500005828_52_H2B_nuclear_segmentation.ome.zarr&t=24&mode=maxproject&c0=lut:0:autoij,ven:0&c1=lut:0:autoij,ven:1&c2=lut:0:autoij,ven:1,col:bd10e0&c3&c4",s3://allencell/aics/emt_timelapse_dataset/data/3500005828_52_raw_converted.ome.zarr,https://allencell.s3.amazonaws.com/aics/emt_timelapse_dataset/data/3500005828_52_raw_converted.ome.zarr,"https://volumeviewer.allencell.org/viewer?url=https%3A%2F%2Fallencell.s3.amazonaws.com%2Faics%2Femt_timelapse_dataset%2Fdata%2F3500005828_52_raw_converted.ome.zarr&t=24&mode=maxproject&c0=lut:0:autoij,ven:0&c1=lut:0:autoij,ven:1&c2=lut:0:autoij,ven:1,col:bd10e0",52,TRUE,heterochromatin,Sep 15 2023 12H40,30 minutes,,,2D 12H,Plotting,F6
3500005828_59_raw_converted,0.77mW,0.8mW,TRUE,TRUE,s3://allencell/aics/emt_timelapse_dataset/data/3500005828_59_all_cells_mask.ome.zarr,https://allencell.s3.amazonaws.com/aics/emt_timelapse_dataset/data/3500005828_59_all_cells_mask.ome.zarr,https://volumeviewer.allencell.org/viewer?url=https%3A%2F%2Fallencell.s3.amazonaws.com%2Faics%2Femt_timelapse_dataset%2Fdata%2F3500005828_59_all_cells_mask.ome.zarr,1x1,"[[ 1.00032919e+00 -1.69748711e-03  1.73339160e+00]
 [ 1.69748711e-03  1.00032919e+00 -1.42422099e+00]
 [ 0.00000000e+00  0.00000000e+00  1.00000000e+00]]",AICS-0061,1,2,0,36,,,,,,Bright-field,mEGFP,CollagenIV,RPMI+B27 minus insulin ,,Mon Sep 11 2023,TCZYX,Matrigel at 1:60 in culture media,5uM CHIR in culture media,,,,2D colony EMT,50ms,https://allencell.s3.amazonaws.com/aics/emt_timelapse_dataset/data/3500005828_59_raw_converted.ome.zarr,mEGFP,HIST1H2BJ,Diluted Matrigel + DMEM/F12,s3://allencell/aics/emt_timelapse_dataset/data/3500005828_59_H2B_nuclear_segmentation.ome.zarr,https://allencell.s3.amazonaws.com/aics/emt_timelapse_dataset/data/3500005828_59_H2B_nuclear_segmentation.ome.zarr,https://volumeviewer.allencell.org/viewer?url=https%3A%2F%2Fallencell.s3.amazonaws.com%2Faics%2Femt_timelapse_dataset%2Fdata%2F3500005828_59_H2B_nuclear_segmentation.ome.zarr,3,121,1848,1248,30,Sep 15 2023 13H01,ZSD-2,NA,Lot 118001 ,3500005828_59,20x/0.80,0.271,0.271,2.88,2,3500005828,61,TRUE,histone H2B type 1-J,"https://volumeviewer.allencell.org/viewer?url=https%3A%2F%2Fallencell.s3.amazonaws.com%2Faics%2Femt_timelapse_dataset%2Fdata%2F3500005828_59_raw_converted.ome.zarr,https%3A%2F%2Fallencell.s3.amazonaws.com%2Faics%2Femt_timelapse_dataset%2Fdata%2F3500005828_59_all_cells_mask.ome.zarr,https%3A%2F%2Fallencell.s3.amazonaws.com%2Faics%2Femt_timelapse_dataset%2Fdata%2F3500005828_59_H2B_nuclear_segmentation.ome.zarr&t=24&mode=maxproject&c0=lut:0:autoij,ven:0&c1=lut:0:autoij,ven:1&c2=lut:0:autoij,ven:1,col:bd10e0&c3&c4",s3://allencell/aics/emt_timelapse_dataset/data/3500005828_59_raw_converted.ome.zarr,https://allencell.s3.amazonaws.com/aics/emt_timelapse_dataset/data/3500005828_59_raw_converted.ome.zarr,"https://volumeviewer.allencell.org/viewer?url=https%3A%2F%2Fallencell.s3.amazonaws.com%2Faics%2Femt_timelapse_dataset%2Fdata%2F3500005828_59_raw_converted.ome.zarr&t=24&mode=maxproject&c0=lut:0:autoij,ven:0&c1=lut:0:autoij,ven:1&c2=lut:0:autoij,ven:1,col:bd10e0",59,TRUE,heterochromatin,Sep 15 2023 12H40,30 minutes,,,2D 12H,Plotting,F10
3500005828_60_raw_converted,0.77mW,0.8mW,TRUE,FALSE,s3://allencell/aics/emt_timelapse_dataset/data/3500005828_60_all_cells_mask.ome.zarr,https://allencell.s3.amazonaws.com/aics/emt_timelapse_dataset/data/3500005828_60_all_cells_mask.ome.zarr,https://volumeviewer.allencell.org/viewer?url=https%3A%2F%2Fallencell.s3.amazonaws.com%2Faics%2Femt_timelapse_dataset%2Fdata%2F3500005828_60_all_cells_mask.ome.zarr,1x1,"[[ 1.00032919e+00 -1.69748711e-03  1.73339160e+00]
 [ 1.69748711e-03  1.00032919e+00 -1.42422099e+00]
 [ 0.00000000e+00  0.00000000e+00  1.00000000e+00]]",AICS-0061,1,2,0,36,,,,,,Bright-field,mEGFP,CollagenIV,RPMI+B27 minus insulin ,,Mon Sep 11 2023,TCZYX,Matrigel at 1:60 in culture media,5uM CHIR in culture media,,,,2D colony EMT,50ms,https://allencell.s3.amazonaws.com/aics/emt_timelapse_dataset/data/3500005828_60_raw_converted.ome.zarr,mEGFP,HIST1H2BJ,Diluted Matrigel + DMEM/F12,s3://allencell/aics/emt_timelapse_dataset/data/3500005828_60_H2B_nuclear_segmentation.ome.zarr,https://allencell.s3.amazonaws.com/aics/emt_timelapse_dataset/data/3500005828_60_H2B_nuclear_segmentation.ome.zarr,https://volumeviewer.allencell.org/viewer?url=https%3A%2F%2Fallencell.s3.amazonaws.com%2Faics%2Femt_timelapse_dataset%2Fdata%2F3500005828_60_H2B_nuclear_segmentation.ome.zarr,3,121,1848,1248,30,Sep 15 2023 13H01,ZSD-2,NA,Lot 118001 ,3500005828_60,20x/0.80,0.271,0.271,2.88,2,3500005828,62,TRUE,histone H2B type 1-J,"https://volumeviewer.allencell.org/viewer?url=https%3A%2F%2Fallencell.s3.amazonaws.com%2Faics%2Femt_timelapse_dataset%2Fdata%2F3500005828_60_raw_converted.ome.zarr,https%3A%2F%2Fallencell.s3.amazonaws.com%2Faics%2Femt_timelapse_dataset%2Fdata%2F3500005828_60_all_cells_mask.ome.zarr,https%3A%2F%2Fallencell.s3.amazonaws.com%2Faics%2Femt_timelapse_dataset%2Fdata%2F3500005828_60_H2B_nuclear_segmentation.ome.zarr&t=24&mode=maxproject&c0=lut:0:autoij,ven:0&c1=lut:0:autoij,ven:1&c2=lut:0:autoij,ven:1,col:bd10e0&c3&c4",s3://allencell/aics/emt_timelapse_dataset/data/3500005828_60_raw_converted.ome.zarr,https://allencell.s3.amazonaws.com/aics/emt_timelapse_dataset/data/3500005828_60_raw_converted.ome.zarr,"https://volumeviewer.allencell.org/viewer?url=https%3A%2F%2Fallencell.s3.amazonaws.com%2Faics%2Femt_timelapse_dataset%2Fdata%2F3500005828_60_raw_converted.ome.zarr&t=24&mode=maxproject&c0=lut:0:autoij,ven:0&c1=lut:0:autoij,ven:1&c2=lut:0:autoij,ven:1,col:bd10e0",60,FALSE,heterochromatin,Sep 15 2023 12H40,30 minutes,,,2D 12H,,F10
3500005828_58_raw_converted,0.77mW,0.8mW,TRUE,TRUE,s3://allencell/aics/emt_timelapse_dataset/data/3500005828_58_all_cells_mask.ome.zarr,https://allencell.s3.amazonaws.com/aics/emt_timelapse_dataset/data/3500005828_58_all_cells_mask.ome.zarr,https://volumeviewer.allencell.org/viewer?url=https%3A%2F%2Fallencell.s3.amazonaws.com%2Faics%2Femt_timelapse_dataset%2Fdata%2F3500005828_58_all_cells_mask.ome.zarr,1x1,"[[ 1.00032919e+00 -1.69748711e-03  1.73339160e+00]
 [ 1.69748711e-03  1.00032919e+00 -1.42422099e+00]
 [ 0.00000000e+00  0.00000000e+00  1.00000000e+00]]",AICS-0061,1,2,0,36,,,,,,Bright-field,mEGFP,CollagenIV,RPMI+B27 minus insulin ,,Mon Sep 11 2023,TCZYX,Matrigel at 1:60 in culture media,5uM CHIR in culture media,,,,2D colony EMT,50ms,https://allencell.s3.amazonaws.com/aics/emt_timelapse_dataset/data/3500005828_58_raw_converted.ome.zarr,mEGFP,HIST1H2BJ,Diluted Matrigel + DMEM/F12,s3://allencell/aics/emt_timelapse_dataset/data/3500005828_58_H2B_nuclear_segmentation.ome.zarr,https://allencell.s3.amazonaws.com/aics/emt_timelapse_dataset/data/3500005828_58_H2B_nuclear_segmentation.ome.zarr,https://volumeviewer.allencell.org/viewer?url=https%3A%2F%2Fallencell.s3.amazonaws.com%2Faics%2Femt_timelapse_dataset%2Fdata%2F3500005828_58_H2B_nuclear_segmentation.ome.zarr,3,121,1848,1248,30,Sep 15 2023 13H01,ZSD-2,NA,Lot 118001 ,3500005828_58,20x/0.80,0.271,0.271,2.88,2,3500005828,63,TRUE,histone H2B type 1-J,"https://volumeviewer.allencell.org/viewer?url=https%3A%2F%2Fallencell.s3.amazonaws.com%2Faics%2Femt_timelapse_dataset%2Fdata%2F3500005828_58_raw_converted.ome.zarr,https%3A%2F%2Fallencell.s3.amazonaws.com%2Faics%2Femt_timelapse_dataset%2Fdata%2F3500005828_58_all_cells_mask.ome.zarr,https%3A%2F%2Fallencell.s3.amazonaws.com%2Faics%2Femt_timelapse_dataset%2Fdata%2F3500005828_58_H2B_nuclear_segmentation.ome.zarr&t=24&mode=maxproject&c0=lut:0:autoij,ven:0&c1=lut:0:autoij,ven:1&c2=lut:0:autoij,ven:1,col:bd10e0&c3&c4",s3://allencell/aics/emt_timelapse_dataset/data/3500005828_58_raw_converted.ome.zarr,https://allencell.s3.amazonaws.com/aics/emt_timelapse_dataset/data/3500005828_58_raw_converted.ome.zarr,"https://volumeviewer.allencell.org/viewer?url=https%3A%2F%2Fallencell.s3.amazonaws.com%2Faics%2Femt_timelapse_dataset%2Fdata%2F3500005828_58_raw_converted.ome.zarr&t=24&mode=maxproject&c0=lut:0:autoij,ven:0&c1=lut:0:autoij,ven:1&c2=lut:0:autoij,ven:1,col:bd10e0",58,TRUE,heterochromatin,Sep 15 2023 12H40,30 minutes,,,2D 12H,Plotting,F10
3500005828_68_raw_converted,0.77mW,0.8mW,TRUE,FALSE,s3://allencell/aics/emt_timelapse_dataset/data/3500005828_68_all_cells_mask.ome.zarr,https://allencell.s3.amazonaws.com/aics/emt_timelapse_dataset/data/3500005828_68_all_cells_mask.ome.zarr,https://volumeviewer.allencell.org/viewer?url=https%3A%2F%2Fallencell.s3.amazonaws.com%2Faics%2Femt_timelapse_dataset%2Fdata%2F3500005828_68_all_cells_mask.ome.zarr,1x1,"[[ 1.00032919e+00 -1.69748711e-03  1.73339160e+00]
 [ 1.69748711e-03  1.00032919e+00 -1.42422099e+00]
 [ 0.00000000e+00  0.00000000e+00  1.00000000e+00]]",AICS-0061,1,2,0,36,,s3://allencell/aics/emt_timelapse_dataset/data/3500005828_68_collagenIV_segmentation_mesh,s3://allencell/aics/emt_timelapse_dataset/data/3500005828_68_collagenIV_segmentation_probability.ome.zarr,https://allencell.s3.amazonaws.com/aics/emt_timelapse_dataset/data/3500005828_68_collagenIV_segmentation_probability.ome.zarr,https://volumeviewer.allencell.org/viewer?url=https%3A%2F%2Fallencell.s3.amazonaws.com%2Faics%2Femt_timelapse_dataset%2Fdata%2F3500005828_68_collagenIV_segmentation_probability.ome.zarr,Bright-field,mEGFP,CollagenIV,RPMI+B27 minus insulin ,,Mon Sep 11 2023,TCZYX,Matrigel at 1:60 in culture media,5uM CHIR in culture media,,,,3D lumenoid EMT,50ms,https://allencell.s3.amazonaws.com/aics/emt_timelapse_dataset/data/3500005828_68_raw_converted.ome.zarr,mEGFP,HIST1H2BJ,Diluted Matrigel + DMEM/F12,s3://allencell/aics/emt_timelapse_dataset/data/3500005828_68_H2B_nuclear_segmentation.ome.zarr,https://allencell.s3.amazonaws.com/aics/emt_timelapse_dataset/data/3500005828_68_H2B_nuclear_segmentation.ome.zarr,https://volumeviewer.allencell.org/viewer?url=https%3A%2F%2Fallencell.s3.amazonaws.com%2Faics%2Femt_timelapse_dataset%2Fdata%2F3500005828_68_H2B_nuclear_segmentation.ome.zarr,3,121,1848,1248,30,Sep 15 2023 13H01,ZSD-2,two days prior to imaging,Lot 118001 ,3500005828_68,20x/0.80,0.271,0.271,2.88,2,3500005828,70,TRUE,histone H2B type 1-J,"https://volumeviewer.allencell.org/viewer?url=https%3A%2F%2Fallencell.s3.amazonaws.com%2Faics%2Femt_timelapse_dataset%2Fdata%2F3500005828_68_raw_converted.ome.zarr,https%3A%2F%2Fallencell.s3.amazonaws.com%2Faics%2Femt_timelapse_dataset%2Fdata%2F3500005828_68_all_cells_mask.ome.zarr,https%3A%2F%2Fallencell.s3.amazonaws.com%2Faics%2Femt_timelapse_dataset%2Fdata%2F3500005828_68_H2B_nuclear_segmentation.ome.zarr,https%3A%2F%2Fallencell.s3.amazonaws.com%2Faics%2Femt_timelapse_dataset%2Fdata%2F3500005828_68_collagenIV_segmentation_probability.ome.zarr&t=24&mode=maxproject&c0=lut:0:autoij,ven:0&c1=lut:0:autoij,ven:1&c2=lut:0:autoij,ven:1,col:bd10e0&c3&c4&c5",s3://allencell/aics/emt_timelapse_dataset/data/3500005828_68_raw_converted.ome.zarr,https://allencell.s3.amazonaws.com/aics/emt_timelapse_dataset/data/3500005828_68_raw_converted.ome.zarr,"https://volumeviewer.allencell.org/viewer?url=https%3A%2F%2Fallencell.s3.amazonaws.com%2Faics%2Femt_timelapse_dataset%2Fdata%2F3500005828_68_raw_converted.ome.zarr&t=24&mode=maxproject&c0=lut:0:autoij,ven:0&c1=lut:0:autoij,ven:1&c2=lut:0:autoij,ven:1,col:bd10e0",68,TRUE,heterochromatin,Sep 15 2023 12H40,30 minutes,,,2D 12H,,G8
3500005828_67_raw_converted,0.77mW,0.8mW,TRUE,TRUE,s3://allencell/aics/emt_timelapse_dataset/data/3500005828_67_all_cells_mask.ome.zarr,https://allencell.s3.amazonaws.com/aics/emt_timelapse_dataset/data/3500005828_67_all_cells_mask.ome.zarr,https://volumeviewer.allencell.org/viewer?url=https%3A%2F%2Fallencell.s3.amazonaws.com%2Faics%2Femt_timelapse_dataset%2Fdata%2F3500005828_67_all_cells_mask.ome.zarr,1x1,"[[ 1.00032919e+00 -1.69748711e-03  1.73339160e+00]
 [ 1.69748711e-03  1.00032919e+00 -1.42422099e+00]
 [ 0.00000000e+00  0.00000000e+00  1.00000000e+00]]",AICS-0061,1,2,0,36,,s3://allencell/aics/emt_timelapse_dataset/data/3500005828_67_collagenIV_segmentation_mesh,s3://allencell/aics/emt_timelapse_dataset/data/3500005828_67_collagenIV_segmentation_probability.ome.zarr,https://allencell.s3.amazonaws.com/aics/emt_timelapse_dataset/data/3500005828_67_collagenIV_segmentation_probability.ome.zarr,https://volumeviewer.allencell.org/viewer?url=https%3A%2F%2Fallencell.s3.amazonaws.com%2Faics%2Femt_timelapse_dataset%2Fdata%2F3500005828_67_collagenIV_segmentation_probability.ome.zarr,Bright-field,mEGFP,CollagenIV,RPMI+B27 minus insulin ,,Mon Sep 11 2023,TCZYX,Matrigel at 1:60 in culture media,5uM CHIR in culture media,,,,3D lumenoid EMT,50ms,https://allencell.s3.amazonaws.com/aics/emt_timelapse_dataset/data/3500005828_67_raw_converted.ome.zarr,mEGFP,HIST1H2BJ,Diluted Matrigel + DMEM/F12,s3://allencell/aics/emt_timelapse_dataset/data/3500005828_67_H2B_nuclear_segmentation.ome.zarr,https://allencell.s3.amazonaws.com/aics/emt_timelapse_dataset/data/3500005828_67_H2B_nuclear_segmentation.ome.zarr,https://volumeviewer.allencell.org/viewer?url=https%3A%2F%2Fallencell.s3.amazonaws.com%2Faics%2Femt_timelapse_dataset%2Fdata%2F3500005828_67_H2B_nuclear_segmentation.ome.zarr,3,121,1848,1248,30,Sep 15 2023 13H01,ZSD-2,two days prior to imaging,Lot 118001 ,3500005828_67,20x/0.80,0.271,0.271,2.88,2,3500005828,71,TRUE,histone H2B type 1-J,"https://volumeviewer.allencell.org/viewer?url=https%3A%2F%2Fallencell.s3.amazonaws.com%2Faics%2Femt_timelapse_dataset%2Fdata%2F3500005828_67_raw_converted.ome.zarr,https%3A%2F%2Fallencell.s3.amazonaws.com%2Faics%2Femt_timelapse_dataset%2Fdata%2F3500005828_67_all_cells_mask.ome.zarr,https%3A%2F%2Fallencell.s3.amazonaws.com%2Faics%2Femt_timelapse_dataset%2Fdata%2F3500005828_67_H2B_nuclear_segmentation.ome.zarr,https%3A%2F%2Fallencell.s3.amazonaws.com%2Faics%2Femt_timelapse_dataset%2Fdata%2F3500005828_67_collagenIV_segmentation_probability.ome.zarr&t=24&mode=maxproject&c0=lut:0:autoij,ven:0&c1=lut:0:autoij,ven:1&c2=lut:0:autoij,ven:1,col:bd10e0&c3&c4&c5",s3://allencell/aics/emt_timelapse_dataset/data/3500005828_67_raw_converted.ome.zarr,https://allencell.s3.amazonaws.com/aics/emt_timelapse_dataset/data/3500005828_67_raw_converted.ome.zarr,"https://volumeviewer.allencell.org/viewer?url=https%3A%2F%2Fallencell.s3.amazonaws.com%2Faics%2Femt_timelapse_dataset%2Fdata%2F3500005828_67_raw_converted.ome.zarr&t=24&mode=maxproject&c0=lut:0:autoij,ven:0&c1=lut:0:autoij,ven:1&c2=lut:0:autoij,ven:1,col:bd10e0",67,TRUE,heterochromatin,Sep 15 2023 12H40,30 minutes,,,2D 12H,"Plotting, Determination of migration timing using the basement membrane mesh",G8
3500005828_70_raw_converted,0.77mW,0.8mW,TRUE,TRUE,s3://allencell/aics/emt_timelapse_dataset/data/3500005828_70_all_cells_mask.ome.zarr,https://allencell.s3.amazonaws.com/aics/emt_timelapse_dataset/data/3500005828_70_all_cells_mask.ome.zarr,https://volumeviewer.allencell.org/viewer?url=https%3A%2F%2Fallencell.s3.amazonaws.com%2Faics%2Femt_timelapse_dataset%2Fdata%2F3500005828_70_all_cells_mask.ome.zarr,1x1,"[[ 1.00032919e+00 -1.69748711e-03  1.73339160e+00]
 [ 1.69748711e-03  1.00032919e+00 -1.42422099e+00]
 [ 0.00000000e+00  0.00000000e+00  1.00000000e+00]]",AICS-0061,1,2,0,36,,s3://allencell/aics/emt_timelapse_dataset/data/3500005828_70_collagenIV_segmentation_mesh,s3://allencell/aics/emt_timelapse_dataset/data/3500005828_70_collagenIV_segmentation_probability.ome.zarr,https://allencell.s3.amazonaws.com/aics/emt_timelapse_dataset/data/3500005828_70_collagenIV_segmentation_probability.ome.zarr,https://volumeviewer.allencell.org/viewer?url=https%3A%2F%2Fallencell.s3.amazonaws.com%2Faics%2Femt_timelapse_dataset%2Fdata%2F3500005828_70_collagenIV_segmentation_probability.ome.zarr,Bright-field,mEGFP,CollagenIV,RPMI+B27 minus insulin ,,Mon Sep 11 2023,TCZYX,Matrigel at 1:60 in culture media,5uM CHIR in culture media,,,,3D lumenoid EMT,50ms,https://allencell.s3.amazonaws.com/aics/emt_timelapse_dataset/data/3500005828_70_raw_converted.ome.zarr,mEGFP,HIST1H2BJ,Diluted Matrigel + DMEM/F12,s3://allencell/aics/emt_timelapse_dataset/data/3500005828_70_H2B_nuclear_segmentation.ome.zarr,https://allencell.s3.amazonaws.com/aics/emt_timelapse_dataset/data/3500005828_70_H2B_nuclear_segmentation.ome.zarr,https://volumeviewer.allencell.org/viewer?url=https%3A%2F%2Fallencell.s3.amazonaws.com%2Faics%2Femt_timelapse_dataset%2Fdata%2F3500005828_70_H2B_nuclear_segmentation.ome.zarr,3,121,1848,1248,30,Sep 15 2023 13H01,ZSD-2,two days prior to imaging,Lot 118001 ,3500005828_70,20x/0.80,0.271,0.271,2.88,2,3500005828,74,TRUE,histone H2B type 1-J,"https://volumeviewer.allencell.org/viewer?url=https%3A%2F%2Fallencell.s3.amazonaws.com%2Faics%2Femt_timelapse_dataset%2Fdata%2F3500005828_70_raw_converted.ome.zarr,https%3A%2F%2Fallencell.s3.amazonaws.com%2Faics%2Femt_timelapse_dataset%2Fdata%2F3500005828_70_all_cells_mask.ome.zarr,https%3A%2F%2Fallencell.s3.amazonaws.com%2Faics%2Femt_timelapse_dataset%2Fdata%2F3500005828_70_H2B_nuclear_segmentation.ome.zarr,https%3A%2F%2Fallencell.s3.amazonaws.com%2Faics%2Femt_timelapse_dataset%2Fdata%2F3500005828_70_collagenIV_segmentation_probability.ome.zarr&t=24&mode=maxproject&c0=lut:0:autoij,ven:0&c1=lut:0:autoij,ven:1&c2=lut:0:autoij,ven:1,col:bd10e0&c3&c4&c5",s3://allencell/aics/emt_timelapse_dataset/data/3500005828_70_raw_converted.ome.zarr,https://allencell.s3.amazonaws.com/aics/emt_timelapse_dataset/data/3500005828_70_raw_converted.ome.zarr,"https://volumeviewer.allencell.org/viewer?url=https%3A%2F%2Fallencell.s3.amazonaws.com%2Faics%2Femt_timelapse_dataset%2Fdata%2F3500005828_70_raw_converted.ome.zarr&t=24&mode=maxproject&c0=lut:0:autoij,ven:0&c1=lut:0:autoij,ven:1&c2=lut:0:autoij,ven:1,col:bd10e0",70,TRUE,heterochromatin,Sep 15 2023 12H40,30 minutes,,,2D 12H,"Plotting, Determination of migration timing using the basement membrane mesh",G7
3500005828_63_raw_converted,0.77mW,0.8mW,TRUE,TRUE,,,,1x1,"[[ 1.00032919e+00 -1.69748711e-03  1.73339160e+00]
 [ 1.69748711e-03  1.00032919e+00 -1.42422099e+00]
 [ 0.00000000e+00  0.00000000e+00  1.00000000e+00]]",AICS-0061,1,2,0,36,"s3://allencell/aics/emt_timelapse_dataset/data/3500005828_63_T040_collagenIV_ground_truth_segmentation.ome.zarr,s3://allencell/aics/emt_timelapse_dataset/data/3500005828_63_T050_collagenIV_ground_truth_segmentation.ome.zarr,s3://allencell/aics/emt_timelapse_dataset/data/3500005828_63_T060_collagenIV_ground_truth_segmentation.ome.zarr",,,,,Bright-field,mEGFP,CollagenIV,RPMI+B27 minus insulin ,,Mon Sep 11 2023,TCZYX,NA,5uM CHIR in culture media,,,,3D lumenoid EMT no MG,50ms,https://allencell.s3.amazonaws.com/aics/emt_timelapse_dataset/data/3500005828_63_raw_converted.ome.zarr,mEGFP,HIST1H2BJ,Diluted Matrigel + DMEM/F12,,,,3,121,1848,1248,30,Sep 15 2023 13H01,ZSD-2,two days prior to imaging,Lot 118001 ,3500005828_63,20x/0.80,0.271,0.271,2.88,2,3500005828,64,TRUE,histone H2B type 1-J,,s3://allencell/aics/emt_timelapse_dataset/data/3500005828_63_raw_converted.ome.zarr,https://allencell.s3.amazonaws.com/aics/emt_timelapse_dataset/data/3500005828_63_raw_converted.ome.zarr,"https://volumeviewer.allencell.org/viewer?url=https%3A%2F%2Fallencell.s3.amazonaws.com%2Faics%2Femt_timelapse_dataset%2Fdata%2F3500005828_63_raw_converted.ome.zarr&t=24&mode=maxproject&c0=lut:0:autoij,ven:0&c1=lut:0:autoij,ven:1&c2=lut:0:autoij,ven:1,col:bd10e0",63,TRUE,heterochromatin,Sep 15 2023 12H40,30 minutes,"40, 50, 60",,2D 12H,Basement membrane segmentation training,G10
3500005828_41_raw_converted,0.77mW,0.8mW,TRUE,TRUE,,,,1x1,"[[ 1.00032919e+00 -1.69748711e-03  1.73339160e+00]
 [ 1.69748711e-03  1.00032919e+00 -1.42422099e+00]
 [ 0.00000000e+00  0.00000000e+00  1.00000000e+00]]",AICS-0061,1,2,0,36,s3://allencell/aics/emt_timelapse_dataset/data/3500005828_41_T065_collagenIV_ground_truth_segmentation.ome.zarr,,,,,Bright-field,mEGFP,CollagenIV,RPMI+B27 minus insulin ,,Mon Sep 11 2023,TCZYX,NA,5uM CHIR in culture media,,,,3D lumenoid EMT no MG,50ms,https://allencell.s3.amazonaws.com/aics/emt_timelapse_dataset/data/3500005828_41_raw_converted.ome.zarr,mEGFP,HIST1H2BJ,Diluted Matrigel + DMEM/F12,,,,3,121,1848,1248,30,Sep 15 2023 13H01,ZSD-2,two days prior to imaging,Lot 118001 ,3500005828_41,20x/0.80,0.271,0.271,2.88,2,3500005828,40,TRUE,histone H2B type 1-J,,s3://allencell/aics/emt_timelapse_dataset/data/3500005828_41_raw_converted.ome.zarr,https://allencell.s3.amazonaws.com/aics/emt_timelapse_dataset/data/3500005828_41_raw_converted.ome.zarr,"https://volumeviewer.allencell.org/viewer?url=https%3A%2F%2Fallencell.s3.amazonaws.com%2Faics%2Femt_timelapse_dataset%2Fdata%2F3500005828_41_raw_converted.ome.zarr&t=24&mode=maxproject&c0=lut:0:autoij,ven:0&c1=lut:0:autoij,ven:1&c2=lut:0:autoij,ven:1,col:bd10e0",41,TRUE,heterochromatin,Sep 15 2023 12H40,30 minutes,,65,2D 12H,Basement membrane segmentation validation,E9
3500005828_39_raw_converted,0.77mW,0.8mW,FALSE,TRUE,,,,1x1,"[[ 1.00032919e+00 -1.69748711e-03  1.73339160e+00]
 [ 1.69748711e-03  1.00032919e+00 -1.42422099e+00]
 [ 0.00000000e+00  0.00000000e+00  1.00000000e+00]]",AICS-0061,1,2,0,36,"s3://allencell/aics/emt_timelapse_dataset/data/3500005828_39_T020_collagenIV_ground_truth_segmentation.ome.zarr,s3://allencell/aics/emt_timelapse_dataset/data/3500005828_39_T040_collagenIV_ground_truth_segmentation.ome.zarr",,,,,Bright-field,mEGFP,CollagenIV,RPMI+B27 minus insulin ,,Mon Sep 11 2023,TCZYX,NA,5uM CHIR in culture media,,,,3D lumenoid EMT no MG,50ms,https://allencell.s3.amazonaws.com/aics/emt_timelapse_dataset/data/3500005828_39_raw_converted.ome.zarr,mEGFP,HIST1H2BJ,Diluted Matrigel + DMEM/F12,,,,3,121,1848,1248,30,Sep 15 2023 13H01,ZSD-2,two days prior to imaging,Lot 118001 ,3500005828_39,20x/0.80,0.271,0.271,2.88,2,3500005828,37,TRUE,histone H2B type 1-J,,s3://allencell/aics/emt_timelapse_dataset/data/3500005828_39_raw_converted.ome.zarr,https://allencell.s3.amazonaws.com/aics/emt_timelapse_dataset/data/3500005828_39_raw_converted.ome.zarr,"https://volumeviewer.allencell.org/viewer?url=https%3A%2F%2Fallencell.s3.amazonaws.com%2Faics%2Femt_timelapse_dataset%2Fdata%2F3500005828_39_raw_converted.ome.zarr&t=24&mode=maxproject&c0=lut:0:autoij,ven:0&c1=lut:0:autoij,ven:1&c2=lut:0:autoij,ven:1,col:bd10e0",39,TRUE,heterochromatin,Sep 15 2023 12H40,30 minutes,"20, 40",,2D 12H,Basement membrane segmentation training,E10
3500005828_38_raw_converted,0.77mW,0.8mW,TRUE,TRUE,,,,1x1,"[[ 1.00032919e+00 -1.69748711e-03  1.73339160e+00]
 [ 1.69748711e-03  1.00032919e+00 -1.42422099e+00]
 [ 0.00000000e+00  0.00000000e+00  1.00000000e+00]]",AICS-0061,1,2,0,36,"s3://allencell/aics/emt_timelapse_dataset/data/3500005828_38_T020_collagenIV_ground_truth_segmentation.ome.zarr,s3://allencell/aics/emt_timelapse_dataset/data/3500005828_38_T025_collagenIV_ground_truth_segmentation.ome.zarr,s3://allencell/aics/emt_timelapse_dataset/data/3500005828_38_T030_collagenIV_ground_truth_segmentation.ome.zarr,s3://allencell/aics/emt_timelapse_dataset/data/3500005828_38_T035_collagenIV_ground_truth_segmentation.ome.zarr,s3://allencell/aics/emt_timelapse_dataset/data/3500005828_38_T040_collagenIV_ground_truth_segmentation.ome.zarr,s3://allencell/aics/emt_timelapse_dataset/data/3500005828_38_T050_collagenIV_ground_truth_segmentation.ome.zarr",,,,,Bright-field,mEGFP,CollagenIV,RPMI+B27 minus insulin ,,Mon Sep 11 2023,TCZYX,NA,5uM CHIR in culture media,,,,3D lumenoid EMT no MG,50ms,https://allencell.s3.amazonaws.com/aics/emt_timelapse_dataset/data/3500005828_38_raw_converted.ome.zarr,mEGFP,HIST1H2BJ,Diluted Matrigel + DMEM/F12,,,,3,121,1848,1248,30,Sep 15 2023 13H01,ZSD-2,two days prior to imaging,Lot 118001 ,3500005828_38,20x/0.80,0.271,0.271,2.88,2,3500005828,38,TRUE,histone H2B type 1-J,,s3://allencell/aics/emt_timelapse_dataset/data/3500005828_38_raw_converted.ome.zarr,https://allencell.s3.amazonaws.com/aics/emt_timelapse_dataset/data/3500005828_38_raw_converted.ome.zarr,"https://volumeviewer.allencell.org/viewer?url=https%3A%2F%2Fallencell.s3.amazonaws.com%2Faics%2Femt_timelapse_dataset%2Fdata%2F3500005828_38_raw_converted.ome.zarr&t=24&mode=maxproject&c0=lut:0:autoij,ven:0&c1=lut:0:autoij,ven:1&c2=lut:0:autoij,ven:1,col:bd10e0",38,FALSE,heterochromatin,Sep 15 2023 12H40,30 minutes,"20,  25, 35, 40, 50",30,2D 12H,"Basement membrane segmentation validation, Basement membrane segmentation training",E10
3500005828_37_raw_converted,0.77mW,0.8mW,TRUE,TRUE,,,,1x1,"[[ 1.00032919e+00 -1.69748711e-03  1.73339160e+00]
 [ 1.69748711e-03  1.00032919e+00 -1.42422099e+00]
 [ 0.00000000e+00  0.00000000e+00  1.00000000e+00]]",AICS-0061,1,2,0,36,"s3://allencell/aics/emt_timelapse_dataset/data/3500005828_37_T020_collagenIV_ground_truth_segmentation.ome.zarr,s3://allencell/aics/emt_timelapse_dataset/data/3500005828_37_T025_collagenIV_ground_truth_segmentation.ome.zarr,s3://allencell/aics/emt_timelapse_dataset/data/3500005828_37_T030_collagenIV_ground_truth_segmentation.ome.zarr,s3://allencell/aics/emt_timelapse_dataset/data/3500005828_37_T035_collagenIV_ground_truth_segmentation.ome.zarr,s3://allencell/aics/emt_timelapse_dataset/data/3500005828_37_T040_collagenIV_ground_truth_segmentation.ome.zarr,s3://allencell/aics/emt_timelapse_dataset/data/3500005828_37_T055_collagenIV_ground_truth_segmentation.ome.zarr,s3://allencell/aics/emt_timelapse_dataset/data/3500005828_37_T070_collagenIV_ground_truth_segmentation.ome.zarr",,,,,Bright-field,mEGFP,CollagenIV,RPMI+B27 minus insulin ,,Mon Sep 11 2023,TCZYX,NA,5uM CHIR in culture media,,,,3D lumenoid EMT no MG,50ms,https://allencell.s3.amazonaws.com/aics/emt_timelapse_dataset/data/3500005828_37_raw_converted.ome.zarr,mEGFP,HIST1H2BJ,Diluted Matrigel + DMEM/F12,,,,3,121,1848,1248,30,Sep 15 2023 13H01,ZSD-2,two days prior to imaging,Lot 118001 ,3500005828_37,20x/0.80,0.271,0.271,2.88,2,3500005828,39,TRUE,histone H2B type 1-J,,s3://allencell/aics/emt_timelapse_dataset/data/3500005828_37_raw_converted.ome.zarr,https://allencell.s3.amazonaws.com/aics/emt_timelapse_dataset/data/3500005828_37_raw_converted.ome.zarr,"https://volumeviewer.allencell.org/viewer?url=https%3A%2F%2Fallencell.s3.amazonaws.com%2Faics%2Femt_timelapse_dataset%2Fdata%2F3500005828_37_raw_converted.ome.zarr&t=24&mode=maxproject&c0=lut:0:autoij,ven:0&c1=lut:0:autoij,ven:1&c2=lut:0:autoij,ven:1,col:bd10e0",37,TRUE,heterochromatin,Sep 15 2023 12H40,30 minutes,"20,25,30,35,40,55,70",,2D 12H,Basement membrane segmentation training,E10
3500006204_2_raw_converted,0.89mW,1.39mW,TRUE,FALSE,,,,1X1,NA,AICS-0061,0,1,2,36,,,,,,mEGFP,CollagenIV,Bright-field,RPMI+B27 minus insulin ,,Fri Jan 26 2024,TCZYX,Matrigel at 1:60 in culture media,5uM CHIR in culture media,,,,3D lumenoid EMT,50ms,https://allencell.s3.amazonaws.com/aics/emt_timelapse_dataset/data/3500006204_2_raw_converted.ome.zarr,mEGFP,HIST1H2BJ,Diluted Matrigel + DMEM/F12,,,,3,300,2048,2048,41,Jan 31 2024 16H42,Nikon,two days prior to imaging,Lot 3119527,3500006204_2,PLAN APO 20X,0.33,0.33,0.72,0.5,3500006204,NA,TRUE,histone H2B type 1-J,,s3://allencell/aics/emt_timelapse_dataset/data/3500006204_2_raw_converted.ome.zarr,https://allencell.s3.amazonaws.com/aics/emt_timelapse_dataset/data/3500006204_2_raw_converted.ome.zarr,https://volumeviewer.allencell.org/viewer?url=https%253A%252F%252Fallencell.s3.amazonaws.com%252Faics%252Femt_timelapse_dataset%252Fdata%252F3500006204_2_raw_converted.ome.zarr&mode=maxproject&mask=0&image=cell&axes=0&bb=0&bbcol=ffffff&bgcol=000000&rot=0&bright=70&dens=50&interp=1&reg=0%3A1%2C0%3A1%2C0%3A1&slice=0.5%2C0.5%2C0.5&lvl=35%2C140%2C255&t=0&view=3D&c0=ven%3A1%2Csen%3A0%2Cisv%3A128%2Cisa%3A1%2Cclz%3A0%2Ccza%3A1%2Ccol%3A7ed321%2Ccps%3A1.2473794549266248%253A0%253Affffff%252C5.350803633822503%253A0%253Affffff%252C54.591893780573024%253A1%253Affffff%252C262.8406708595388%253A1%253Affffff%2Ccpe%3A0%2Crmp%3A11.191474493361287%253A67.84416491963663&c1=ven%3A1%2Csen%3A0%2Cisv%3A128%2Cisa%3A1%2Cclz%3A0%2Ccza%3A1%2Ccol%3Abd10e0%2Ccps%3A-2.4028268551236747%253A0%253Affffff%252C9.922261484098938%253A0%253Affffff%252C44.58657243816255%253A1%253Affffff%252C194.02826855123675%253A1%253Affffff%2Ccpe%3A0%2Crmp%3A9.307420494699645%253A87.6678445229682&c2=ven%3A0%2Csen%3A0%2Cisv%3A128%2Cisa%3A1%2Cclz%3A0%2Ccza%3A1%2Ccol%3Affffff%2Ccps%3A0%253A0%253Affffff%252C1%253A0%253Affffff%252C48%253A1%253Affffff%252C255%253A1%253Affffff%2Ccpe%3A0%2Crmp%3A1%253A48,2,FALSE,heterochromatin,Jan 30 2024 14H04,3 minutes,,,15H,Illustration of Figure 4,C8
3500006204_3_raw_converted,0.89mW,1.39mW,TRUE,TRUE,,,,1X1,NA,AICS-0061,0,1,2,36,,,,,,mEGFP,CollagenIV,Bright-field,RPMI+B27 minus insulin ,,Fri Jan 26 2024,TCZYX,Matrigel at 1:60 in culture media,5uM CHIR in culture media,,,,3D lumenoid EMT,50ms,https://allencell.s3.amazonaws.com/aics/emt_timelapse_dataset/data/3500006204_3_raw_converted.ome.zarr,mEGFP,HIST1H2BJ,Diluted Matrigel + DMEM/F12,,,,3,300,2048,2048,41,Jan 31 2024 16H42,Nikon,two days prior to imaging,Lot 3119527,3500006204_3,PLAN APO 20X,0.33,0.33,0.72,0.5,3500006204,NA,TRUE,histone H2B type 1-J,,s3://allencell/aics/emt_timelapse_dataset/data/3500006204_3_raw_converted.ome.zarr,https://allencell.s3.amazonaws.com/aics/emt_timelapse_dataset/data/3500006204_3_raw_converted.ome.zarr,https://volumeviewer.allencell.org/viewer?url=https%253A%252F%252Fallencell.s3.amazonaws.com%252Faics%252Femt_timelapse_dataset%252Fdata%252F3500006204_3_raw_converted.ome.zarr&mode=maxproject&mask=0&image=cell&axes=0&bb=0&bbcol=ffffff&bgcol=000000&rot=0&bright=70&dens=50&interp=1&reg=0%3A1%2C0%3A1%2C0%3A1&slice=0.5%2C0.5%2C0.5&lvl=35%2C140%2C255&t=0&view=3D&c0=ven%3A1%2Csen%3A0%2Cisv%3A128%2Cisa%3A1%2Cclz%3A0%2Ccza%3A1%2Ccol%3A7ed321%2Ccps%3A-0.7010309278350516%253A0%253Affffff%252C4.470790378006871%253A0%253Affffff%252C37.57044673539519%253A1%253Affffff%252C263.0618556701031%253A1%253Affffff%2Ccpe%3A0%2Crmp%3A10%253A65&c1=ven%3A1%2Csen%3A0%2Cisv%3A128%2Cisa%3A1%2Cclz%3A0%2Ccza%3A1%2Ccol%3A9013fe%2Ccps%3A1.5569877883310719%253A0%253Affffff%252C6.11058344640434%253A0%253Affffff%252C24.89416553595658%253A1%253Affffff%252C146.70284938941657%253A1%253Affffff%2Ccpe%3A0%2Crmp%3A9.528493894165537%253A38.809362279511525&c2=ven%3A0%2Csen%3A0%2Cisv%3A128%2Cisa%3A1%2Cclz%3A0%2Ccza%3A1%2Ccol%3Affffff%2Ccps%3A0%253A0%253Affffff%252C3%253A0%253Affffff%252C41%253A1%253Affffff%252C255%253A1%253Affffff%2Ccpe%3A0%2Crmp%3A3%253A41,3,TRUE,heterochromatin,Jan 30 2024 14H04,3 minutes,,,15H,"Illustration of Figure 4, Illustration of Figure S1",C8
